gene_id,spor_gene,unkownSpor_host,nonSpor_host,spor_host,q,m,n,k,p.val,p.adj,significant
K00133,sporulation_gene,1085,28,595,595,25630,20625,623,4.913399999999998e-117,1.0932999999999997e-116,TRUE
K00134,sporulation_gene,728,72,200,200,25630,20625,272,2.0642e-10,4.2875e-10,TRUE
K00390,sporulation_gene,4686,952,1908,1908,25630,20625,2860,2.0731e-37,4.5363e-37,TRUE
K00640,sporulation_gene,154,22,150,150,25630,20625,172,4.1981e-20,9.0526e-20,TRUE
K00703,sporulation_gene,62,7,88,88,25630,20625,95,1.0618e-16,2.2731e-16,TRUE
K00820,sporulation_gene,115,20,79,79,25630,20625,99,9.686e-8,1.984e-7,TRUE
K00974,sporulation_gene,637,0,213,213,25630,20625,213,0,0,TRUE
K00975,sporulation_gene,39,7,57,57,25630,20625,64,8.8337e-10,1.8284e-9,TRUE
K01142,sporulation_gene,103,8,58,58,25630,20625,66,2.3153e-9,4.7839e-9,TRUE
K01356,sporulation_gene,4397,226,1359,1359,25630,20625,1585,3.5709999999999994e-153,7.975899999999999e-153,TRUE
K01449,sporulation_gene,3298,57,1005,1005,25630,20625,1062,1.0633999999999995e-187,2.379599999999999e-187,TRUE
K01714,sporulation_gene,780,60,190,190,25630,20625,250,3.8362e-12,8.0812e-12,TRUE
K01770,sporulation_gene,64,2,45,45,25630,20625,47,3.3915e-11,7.094e-11,TRUE
K02049,sporulation_gene,662,4,176,176,25630,20625,180,2.7505999999999996e-41,6.03e-41,TRUE
K02050,sporulation_gene,216,2,82,82,25630,20625,84,1.8744e-20,4.0493e-20,TRUE
K02051,sporulation_gene,478,14,412,412,25630,20625,426,1.8572999999999994e-87,4.109599999999999e-87,TRUE
K02343,sporulation_gene,1474,24,180,180,25630,20625,204,4.5425e-25,9.867e-25,TRUE
K03086,sporulation_gene,1071,85,237,237,25630,20625,322,4.5291e-12,9.524e-12,TRUE
K03091,sporulation_gene,980,36,633,633,25630,20625,669,2.1824999999999994e-118,4.865499999999999e-118,TRUE
K03310,sporulation_gene,121,10,61,61,25630,20625,71,7.7723e-9,1.6031e-8,TRUE
K03324,sporulation_gene,100,5,54,54,25630,20625,59,1.5225e-10,3.179e-10,TRUE
K03466,sporulation_gene,861,199,458,458,25630,20625,657,1.4753e-14,3.1413e-14,TRUE
K03469,sporulation_gene,2954,745,1479,1479,25630,20625,2224,3.8148e-28,8.3168e-28,TRUE
K03496,sporulation_gene,3479,254,2923,2923,25630,20625,3177,0,0,TRUE
K03497,sporulation_gene,4185,1354,2940,2940,25630,20625,4294,1.6312e-75,3.6025999999999997e-75,TRUE
K03588,sporulation_gene,45,8,48,48,25630,20625,56,2.6303e-7,5.36e-7,TRUE
K03664,sporulation_gene,449,25,146,146,25630,20625,171,9.9467e-18,2.1371e-17,TRUE
K03698,sporulation_gene,544,16,166,166,25630,20625,182,2.5863e-27,5.6282000000000005e-27,TRUE
K04769,sporulation_gene,256,4,56,56,25630,20625,60,7.66e-12,1.6051e-11,TRUE
K06131,sporulation_gene,86,4,61,61,25630,20625,65,5.0563e-13,1.067e-12,TRUE
K06283,sporulation_gene,76,4,233,233,25630,20625,237,1.2438999999999998e-55,2.7420999999999996e-55,TRUE
K06284,sporulation_gene,729,13,177,177,25630,20625,190,3.9594e-32,8.648e-32,TRUE
K06333,sporulation_gene,349,14,253,253,25630,20625,267,5.5914e-49,1.2303e-48,TRUE
K06334,sporulation_gene,708,32,525,525,25630,20625,557,1.6521999999999996e-96,3.669499999999999e-96,TRUE
K06381,sporulation_gene,106,6,47,47,25630,20625,53,2.7982e-8,5.7416e-8,TRUE
K06383,sporulation_gene,23,0,62,62,25630,20625,62,0,0,TRUE
K06396,sporulation_gene,60,0,49,49,25630,20625,49,0,0,TRUE
K06406,sporulation_gene,27,1,55,55,25630,20625,56,4.2598e-15,9.0866e-15,TRUE
K06407,sporulation_gene,32,2,42,42,25630,20625,44,1.8737e-10,3.8986e-10,TRUE
K06409,sporulation_gene,63,3,63,63,25630,20625,66,1.6678e-14,3.5448e-14,TRUE
K06412,sporulation_gene,372,1,62,62,25630,20625,63,6.7825e-17,1.4546e-16,TRUE
K06901,sporulation_gene,114,5,46,46,25630,20625,51,9.6142e-9,1.9796e-8,TRUE
K07171,sporulation_gene,2996,71,1625,1625,25630,20625,1696,0,0,TRUE
K07175,sporulation_gene,748,6,112,112,25630,20625,118,3.1333e-23,6.7812e-23,TRUE
K07258,sporulation_gene,200,6,44,44,25630,20625,50,1.2278e-7,2.5106e-7,TRUE
K07699,sporulation_gene,644,12,421,421,25630,20625,433,4.584799999999999e-92,1.0163999999999999e-91,TRUE
K07738,sporulation_gene,78,4,73,73,25630,20625,77,6.9323e-16,1.4814e-15,TRUE
K08384,sporulation_gene,43,2,58,58,25630,20625,60,1.9755e-14,4.1913e-14,TRUE
K09747,sporulation_gene,167,6,57,57,25630,20625,63,1.813e-10,3.7789000000000003e-010,TRUE
K10979,sporulation_gene,42,0,61,61,25630,20625,61,0,0,TRUE
K11751,sporulation_gene,59,1,43,43,25630,20625,44,5.1381e-12,1.0785e-11,TRUE
K15633,sporulation_gene,272,8,100,100,25630,20625,108,1.2553e-18,2.702e-18,TRUE
K18889,sporulation_gene,27,1,48,48,25630,20625,49,2.6731e-13,5.6512e-13,TRUE
K20118,sporulation_gene,34,0,40,40,25630,20625,40,0,0,TRUE
K00012,sporulation_gene,321,102,180,180,25630,20625,282,0.0016609,0.0030635,FALSE
K00033,sporulation_gene,273,66,3,3,25630,20625,69,1,1,FALSE
K00041,sporulation_gene,105,78,24,24,25630,20625,102,1,1,FALSE
K00059,sporulation_gene,260,37,47,47,25630,20625,84,0.41843,0.51213,FALSE
K00067,sporulation_gene,70,4,20,20,25630,20625,24,8.776e-4,0.0016443,FALSE
K00074,sporulation_gene,42,4,12,12,25630,20625,16,0.030255,0.049087,FALSE
K00075,sporulation_gene,98,4,16,16,25630,20625,20,0.0054573,0.0096602,FALSE
K00121,sporulation_gene,4,0,0,0,25630,20625,0,0,0,FALSE
K00128,sporulation_gene,14,1,7,7,25630,20625,8,0.0088819,0.015222,FALSE
K00177,sporulation_gene,125,15,0,0,25630,20625,15,0.99999,1,FALSE
K00215,sporulation_gene,535,70,80,80,25630,20625,150,0.66732,0.74384,FALSE
K00259,sporulation_gene,1,2,0,0,25630,20625,2,0.80118,0.86539,FALSE
K00282,sporulation_gene,9,1,2,2,25630,20625,3,0.17012,0.23515,FALSE
K00283,sporulation_gene,20,2,4,4,25630,20625,6,0.16867,0.23515,FALSE
K00286,sporulation_gene,130,30,18,18,25630,20625,48,0.99054,1,FALSE
K00366,sporulation_gene,12,0,8,8,25630,20625,8,0,0,FALSE
K00425,sporulation_gene,92,54,0,0,25630,20625,54,1,1,FALSE
K00426,sporulation_gene,82,58,0,0,25630,20625,58,1,1,FALSE
K00605,sporulation_gene,20,0,4,4,25630,20625,4,0,0,FALSE
K00626,sporulation_gene,30,12,30,30,25630,20625,42,0.011052,0.018779,FALSE
K00627,sporulation_gene,24,8,2,2,25630,20625,10,0.97425,1,FALSE
K00666,sporulation_gene,8,4,1,1,25630,20625,5,0.87286,0.93684,FALSE
K00688,sporulation_gene,82,12,54,54,25630,20625,66,1.5163e-6,3.0636e-6,FALSE
K00700,sporulation_gene,71,17,42,42,25630,20625,59,0.0043853,0.0078564,FALSE
K00754,sporulation_gene,0,0,1,1,25630,20625,1,0,0,FALSE
K00756,sporulation_gene,33,1,10,10,25630,20625,11,0.0015103,0.0027944,FALSE
K00791,sporulation_gene,83,10,14,14,25630,20625,24,0.31335,0.40439,FALSE
K00794,sporulation_gene,16,9,17,17,25630,20625,26,0.11004,0.16013,FALSE
K00797,sporulation_gene,16,1,9,9,25630,20625,10,0.0027262,0.0049819,FALSE
K00806,sporulation_gene,94,22,20,20,25630,20625,42,0.80566,0.86944,FALSE
K00841,sporulation_gene,12,4,0,0,25630,20625,4,0.96048,1,FALSE
K00859,sporulation_gene,53,6,27,27,25630,20625,33,3.4572e-4,6.6347e-4,FALSE
K00860,sporulation_gene,76,2,2,2,25630,20625,4,0.3977,0.48929,FALSE
K00864,sporulation_gene,27,3,15,15,25630,20625,18,0.0027734,0.0050526,FALSE
K00876,sporulation_gene,70,12,14,14,25630,20625,26,0.48824,0.58431,FALSE
K00882,sporulation_gene,41,2,6,6,25630,20625,8,0.066077,0.10099,FALSE
K00901,sporulation_gene,16,3,7,7,25630,20625,10,0.10417,0.15347,FALSE
K00919,sporulation_gene,39,22,3,3,25630,20625,25,0.99999,1,FALSE
K00927,sporulation_gene,504,184,160,160,25630,20625,344,0.99946,1,FALSE
K00928,sporulation_gene,749,140,154,154,25630,20625,294,0.83879,0.90273,FALSE
K00931,sporulation_gene,94,8,44,44,25630,20625,52,1.6416e-6,3.3111e-6,FALSE
K00940,sporulation_gene,115,30,0,0,25630,20625,30,1,1,FALSE
K00949,sporulation_gene,32,6,9,9,25630,20625,15,0.27131,0.36441,FALSE
K00963,sporulation_gene,108,60,6,6,25630,20625,66,1,1,FALSE
K00965,sporulation_gene,172,24,36,36,25630,20625,60,0.19935,0.27396,FALSE
K00973,sporulation_gene,97,16,15,15,25630,20625,31,0.72885,0.80938,FALSE
K00978,sporulation_gene,11,2,10,10,25630,20625,12,0.0089201,0.015222,FALSE
K00989,sporulation_gene,5,2,0,0,25630,20625,2,0.80118,0.86539,FALSE
K00991,sporulation_gene,167,3,4,4,25630,20625,7,0.32445,0.4151,FALSE
K00997,sporulation_gene,31,18,3,3,25630,20625,21,0.99988,1,FALSE
K01028,sporulation_gene,59,2,2,2,25630,20625,4,0.3977,0.48929,FALSE
K01048,sporulation_gene,6,1,4,4,25630,20625,5,0.052224,0.08182,FALSE
K01056,sporulation_gene,23,10,21,21,25630,20625,31,0.057198,0.089377,FALSE
K01077,sporulation_gene,24,9,0,0,25630,20625,9,0.9993,1,FALSE
K01118,sporulation_gene,9,0,0,0,25630,20625,0,0,0,FALSE
K01126,sporulation_gene,150,26,16,16,25630,20625,42,0.98206,1,FALSE
K01151,sporulation_gene,62,10,23,23,25630,20625,33,0.03186,0.05148,FALSE
K01182,sporulation_gene,48,3,5,5,25630,20625,8,0.2272,0.30831,FALSE
K01187,sporulation_gene,118,12,28,28,25630,20625,40,0.020238,0.033711,FALSE
K01207,sporulation_gene,34,10,23,23,25630,20625,33,0.03186,0.05148,FALSE
K01247,sporulation_gene,38,0,6,6,25630,20625,6,0,0,FALSE
K01255,sporulation_gene,7,0,0,0,25630,20625,0,0,0,FALSE
K01258,sporulation_gene,69,6,4,4,25630,20625,10,0.74712,0.82383,FALSE
K01262,sporulation_gene,65,16,23,23,25630,20625,39,0.27275,0.36494,FALSE
K01297,sporulation_gene,8,4,0,0,25630,20625,4,0.96048,1,FALSE
K01304,sporulation_gene,15,0,6,6,25630,20625,6,0,0,FALSE
K01308,sporulation_gene,35,0,12,12,25630,20625,12,0,0,FALSE
K01420,sporulation_gene,16,1,1,1,25630,20625,2,0.30702,0.39708,FALSE
K01425,sporulation_gene,17,1,2,2,25630,20625,3,0.17012,0.23515,FALSE
K01438,sporulation_gene,10,48,2,2,25630,20625,50,1,1,FALSE
K01447,sporulation_gene,289,84,45,45,25630,20625,129,1,1,FALSE
K01448,sporulation_gene,5224,1473,1299,1299,25630,20625,2772,1,1,FALSE
K01462,sporulation_gene,230,6,31,31,25630,20625,37,5.8072e-5,1.1537e-4,FALSE
K01464,sporulation_gene,12,2,0,0,25630,20625,2,0.80118,0.86539,FALSE
K01466,sporulation_gene,5,1,0,0,25630,20625,1,0.5541,0.63494,FALSE
K01489,sporulation_gene,43,3,11,11,25630,20625,14,0.018298,0.030565,FALSE
K01537,sporulation_gene,306,60,36,36,25630,20625,96,0.99969,1,FALSE
K01567,sporulation_gene,18,0,4,4,25630,20625,4,0,0,FALSE
K01585,sporulation_gene,27,5,1,1,25630,20625,6,0.93355,0.99274,FALSE
K01586,sporulation_gene,965,280,300,300,25630,20625,580,0.96017,1,FALSE
K01640,sporulation_gene,4,2,0,0,25630,20625,2,0.80118,0.86539,FALSE
K01647,sporulation_gene,225,95,140,140,25630,20625,235,0.087595,0.13234,FALSE
K01685,sporulation_gene,69,0,15,15,25630,20625,15,0,0,FALSE
K01686,sporulation_gene,39,22,12,12,25630,20625,34,0.98555,1,FALSE
K01710,sporulation_gene,67,19,16,16,25630,20625,35,0.83756,0.90273,FALSE
K01720,sporulation_gene,1,0,0,0,25630,20625,0,0,0,FALSE
K01734,sporulation_gene,190,2,14,14,25630,20625,16,0.001094,0.0020433,FALSE
K01736,sporulation_gene,90,10,14,14,25630,20625,24,0.31335,0.40439,FALSE
K01751,sporulation_gene,24,4,4,4,25630,20625,8,0.48654,0.58287,FALSE
K01759,sporulation_gene,37,4,3,3,25630,20625,7,0.61698,0.68902,FALSE
K01775,sporulation_gene,107,7,11,11,25630,20625,18,0.23648,0.32053,FALSE
K01776,sporulation_gene,42,29,10,10,25630,20625,39,0.99984,1,FALSE
K01790,sporulation_gene,70,35,27,27,25630,20625,62,0.95975,1,FALSE
K01803,sporulation_gene,260,32,80,80,25630,20625,112,1.6984e-4,3.3239e-4,FALSE
K01835,sporulation_gene,128,18,24,24,25630,20625,42,0.35355,0.4499,FALSE
K01843,sporulation_gene,8,1,0,0,25630,20625,1,0.5541,0.63494,FALSE
K01893,sporulation_gene,130,32,16,16,25630,20625,48,0.99832,1,FALSE
K01921,sporulation_gene,118,74,4,4,25630,20625,78,1,1,FALSE
K01928,sporulation_gene,40,9,13,13,25630,20625,22,0.2895,0.38363,FALSE
K01929,sporulation_gene,30,2,5,5,25630,20625,7,0.10636,0.15497,FALSE
K01934,sporulation_gene,44,5,37,37,25630,20625,42,9.0199e-7,1.8286e-6,FALSE
K01953,sporulation_gene,76,20,23,23,25630,20625,43,0.54201,0.63494,FALSE
K01961,sporulation_gene,15,10,3,3,25630,20625,13,0.98111,1,FALSE
K01971,sporulation_gene,27,0,17,17,25630,20625,17,0,0,FALSE
K01994,sporulation_gene,5,2,0,0,25630,20625,2,0.80118,0.86539,FALSE
K02103,sporulation_gene,2,1,6,6,25630,20625,7,0.016031,0.026892,FALSE
K02112,sporulation_gene,92,26,34,34,25630,20625,60,0.37402,0.47291,FALSE
K02313,sporulation_gene,42,6,13,13,25630,20625,19,0.082998,0.12588,FALSE
K02335,sporulation_gene,7777,938,176,176,25630,20625,1114,1,1,FALSE
K02338,sporulation_gene,2536,1212,794,794,25630,20625,2006,1,1,FALSE
K02412,sporulation_gene,22,2,12,12,25630,20625,14,0.0031512,0.0056798,FALSE
K02428,sporulation_gene,92,11,36,36,25630,20625,47,7.5589e-4,0.0014275,FALSE
K02479,sporulation_gene,1,1,0,0,25630,20625,1,0.5541,0.63494,FALSE
K02495,sporulation_gene,5,0,0,0,25630,20625,0,0,0,FALSE
K02528,sporulation_gene,135,4,19,19,25630,20625,23,0.0013978,0.0025944,FALSE
K02563,sporulation_gene,21,5,19,19,25630,20625,24,0.003999,0.0071752,FALSE
K02647,sporulation_gene,233,4,34,34,25630,20625,38,8.7397e-7,1.7749e-6,FALSE
K02761,sporulation_gene,24,18,4,4,25630,20625,22,0.9996,1,FALSE
K02770,sporulation_gene,102,10,18,18,25630,20625,28,0.12751,0.18487,FALSE
K02810,sporulation_gene,18,2,10,10,25630,20625,12,0.0089201,0.015222,FALSE
K03100,sporulation_gene,177,24,57,57,25630,20625,81,0.0020233,0.0037146,FALSE
K03110,sporulation_gene,53,19,5,5,25630,20625,24,0.99941,1,FALSE
K03183,sporulation_gene,81,27,0,0,25630,20625,27,1,1,FALSE
K03216,sporulation_gene,37,3,11,11,25630,20625,14,0.018298,0.030565,FALSE
K03217,sporulation_gene,32,13,5,5,25630,20625,18,0.98326,1,FALSE
K03293,sporulation_gene,3,3,0,0,25630,20625,3,0.91135,0.97287,FALSE
K03294,sporulation_gene,33,7,2,2,25630,20625,9,0.95279,1,FALSE
K03299,sporulation_gene,6,5,3,3,25630,20625,8,0.74742,0.82383,FALSE
K03300,sporulation_gene,3,0,0,0,25630,20625,0,0,0,FALSE
K03305,sporulation_gene,29,11,5,5,25630,20625,16,0.95469,1,FALSE
K03311,sporulation_gene,39,6,4,4,25630,20625,10,0.74712,0.82383,FALSE
K03312,sporulation_gene,59,3,9,9,25630,20625,12,0.044709,0.071366,FALSE
K03325,sporulation_gene,7,0,3,3,25630,20625,3,0,0,FALSE
K03346,sporulation_gene,8,0,4,4,25630,20625,4,0,0,FALSE
K03431,sporulation_gene,38,2,13,13,25630,20625,15,0.0018603,0.0034206,FALSE
K03495,sporulation_gene,18,4,6,6,25630,20625,10,0.27478,0.36494,FALSE
K03517,sporulation_gene,16,2,10,10,25630,20625,12,0.0089201,0.015222,FALSE
K03524,sporulation_gene,39,7,8,8,25630,20625,15,0.46503,0.56221,FALSE
K03526,sporulation_gene,41,9,8,8,25630,20625,17,0.67514,0.75185,FALSE
K03529,sporulation_gene,59,15,8,8,25630,20625,23,0.96232,1,FALSE
K03531,sporulation_gene,65,8,26,26,25630,20625,34,0.0031646,0.0056953,FALSE
K03537,sporulation_gene,1,0,0,0,25630,20625,0,0,0,FALSE
K03569,sporulation_gene,72,7,17,17,25630,20625,24,0.039682,0.064031,FALSE
K03574,sporulation_gene,511,67,35,35,25630,20625,102,0.99999,1,FALSE
K03589,sporulation_gene,27,7,21,21,25630,20625,28,0.0096425,0.016431,FALSE
K03590,sporulation_gene,18,0,3,3,25630,20625,3,0,0,FALSE
K03594,sporulation_gene,105,2,1,1,25630,20625,3,0.58084,0.65111,FALSE
K03595,sporulation_gene,160,9,13,13,25630,20625,22,0.2895,0.38363,FALSE
K03609,sporulation_gene,39,5,5,5,25630,20625,10,0.51507,0.61518,FALSE
K03610,sporulation_gene,34,16,20,20,25630,20625,36,0.429,0.52399,FALSE
K03650,sporulation_gene,190,21,4,4,25630,20625,25,0.99994,1,FALSE
K03657,sporulation_gene,822,98,207,207,25630,20625,305,3.1842e-6,6.39e-6,FALSE
K03696,sporulation_gene,244,28,40,40,25630,20625,68,0.24637,0.33356,FALSE
K03699,sporulation_gene,28,5,7,7,25630,20625,12,0.31463,0.4056,FALSE
K03706,sporulation_gene,22,0,8,8,25630,20625,8,0,0,FALSE
K03716,sporulation_gene,6,0,3,3,25630,20625,3,0,0,FALSE
K03719,sporulation_gene,28,6,24,24,25630,20625,30,0.0012555,0.0023412,FALSE
K03723,sporulation_gene,46,33,24,24,25630,20625,57,0.97019,1,FALSE
K03741,sporulation_gene,20,6,4,4,25630,20625,10,0.74712,0.82383,FALSE
K03781,sporulation_gene,50,1,1,1,25630,20625,2,0.30702,0.39708,FALSE
K03790,sporulation_gene,36,2,5,5,25630,20625,7,0.10636,0.15497,FALSE
K03797,sporulation_gene,124,7,32,32,25630,20625,39,1.1139e-4,2.1945e-4,FALSE
K03798,sporulation_gene,165,4,19,19,25630,20625,23,0.0013978,0.0025944,FALSE
K03799,sporulation_gene,23,14,0,0,25630,20625,14,0.99999,1,FALSE
K03829,sporulation_gene,1,0,0,0,25630,20625,0,0,0,FALSE
K03885,sporulation_gene,12,16,0,0,25630,20625,16,1,1,FALSE
K03892,sporulation_gene,29,2,5,5,25630,20625,7,0.10636,0.15497,FALSE
K03893,sporulation_gene,7,1,0,0,25630,20625,1,0.5541,0.63494,FALSE
K03979,sporulation_gene,22,6,7,7,25630,20625,13,0.4387,0.53474,FALSE
K03980,sporulation_gene,4,0,0,0,25630,20625,0,0,0,FALSE
K04074,sporulation_gene,31,2,5,5,25630,20625,7,0.10636,0.15497,FALSE
K04076,sporulation_gene,1,0,1,1,25630,20625,1,0,0,FALSE
K04564,sporulation_gene,97,22,2,2,25630,20625,24,1,1,FALSE
K04758,sporulation_gene,112,14,22,22,25630,20625,36,0.19659,0.2708,FALSE
K04759,sporulation_gene,160,23,53,53,25630,20625,76,0.0037418,0.0067239,FALSE
K04763,sporulation_gene,807,195,204,204,25630,20625,399,0.95305,1,FALSE
K05020,sporulation_gene,1,0,1,1,25630,20625,1,0,0,FALSE
K05340,sporulation_gene,8,0,0,0,25630,20625,0,0,0,FALSE
K05515,sporulation_gene,47,3,9,9,25630,20625,12,0.044709,0.071366,FALSE
K05592,sporulation_gene,60,10,12,12,25630,20625,22,0.45042,0.5451,FALSE
K05606,sporulation_gene,57,12,3,3,25630,20625,15,0.99423,1,FALSE
K05770,sporulation_gene,31,13,2,2,25630,20625,15,0.99901,1,FALSE
K05810,sporulation_gene,70,2,6,6,25630,20625,8,0.066077,0.10099,FALSE
K05916,sporulation_gene,4,1,0,0,25630,20625,1,0.5541,0.63494,FALSE
K05979,sporulation_gene,2,0,0,0,25630,20625,0,0,0,FALSE
K05982,sporulation_gene,25,0,0,0,25630,20625,0,0,0,FALSE
K06012,sporulation_gene,19,1,7,7,25630,20625,8,0.0088819,0.015222,FALSE
K06015,sporulation_gene,3,0,5,5,25630,20625,5,0,0,FALSE
K06180,sporulation_gene,146,45,31,31,25630,20625,76,0.99273,1,FALSE
K06215,sporulation_gene,28,3,5,5,25630,20625,8,0.2272,0.30831,FALSE
K06217,sporulation_gene,305,32,29,29,25630,20625,61,0.86601,0.93033,FALSE
K06295,sporulation_gene,24,0,3,3,25630,20625,3,0,0,FALSE
K06296,sporulation_gene,5,0,1,1,25630,20625,1,0,0,FALSE
K06297,sporulation_gene,6,0,1,1,25630,20625,1,0,0,FALSE
K06298,sporulation_gene,11,2,2,2,25630,20625,4,0.3977,0.48929,FALSE
K06305,sporulation_gene,3,0,0,0,25630,20625,0,0,0,FALSE
K06306,sporulation_gene,44,0,10,10,25630,20625,10,0,0,FALSE
K06317,sporulation_gene,11,3,3,3,25630,20625,6,0.44982,0.54493,FALSE
K06320,sporulation_gene,2,0,1,1,25630,20625,1,0,0,FALSE
K06328,sporulation_gene,1,0,0,0,25630,20625,0,0,0,FALSE
K06331,sporulation_gene,0,0,1,1,25630,20625,1,0,0,FALSE
K06336,sporulation_gene,3,0,0,0,25630,20625,0,0,0,FALSE
K06344,sporulation_gene,1,0,0,0,25630,20625,0,0,0,FALSE
K06346,sporulation_gene,11,2,2,2,25630,20625,4,0.3977,0.48929,FALSE
K06354,sporulation_gene,0,0,1,1,25630,20625,1,0,0,FALSE
K06363,sporulation_gene,0,0,1,1,25630,20625,1,0,0,FALSE
K06373,sporulation_gene,21,1,3,3,25630,20625,4,0.094257,0.13956,FALSE
K06374,sporulation_gene,20,1,8,8,25630,20625,9,0.0049208,0.0087366,FALSE
K06377,sporulation_gene,2,0,0,0,25630,20625,0,0,0,FALSE
K06378,sporulation_gene,12,0,12,12,25630,20625,12,0,0,FALSE
K06379,sporulation_gene,14,0,13,13,25630,20625,13,0,0,FALSE
K06382,sporulation_gene,31,4,8,8,25630,20625,12,0.14073,0.20354,FALSE
K06384,sporulation_gene,60,0,9,9,25630,20625,9,0,0,FALSE
K06385,sporulation_gene,37,2,10,10,25630,20625,12,0.0089201,0.015222,FALSE
K06386,sporulation_gene,0,1,4,4,25630,20625,5,0.052224,0.08182,FALSE
K06387,sporulation_gene,18,0,0,0,25630,20625,0,0,0,FALSE
K06390,sporulation_gene,67,1,25,25,25630,20625,26,2.1423e-7,4.3731e-7,FALSE
K06391,sporulation_gene,10,0,15,15,25630,20625,15,0,0,FALSE
K06392,sporulation_gene,54,0,23,23,25630,20625,23,0,0,FALSE
K06393,sporulation_gene,53,0,23,23,25630,20625,23,0,0,FALSE
K06394,sporulation_gene,60,0,27,27,25630,20625,27,0,0,FALSE
K06395,sporulation_gene,10,0,18,18,25630,20625,18,0,0,FALSE
K06397,sporulation_gene,65,0,27,27,25630,20625,27,0,0,FALSE
K06398,sporulation_gene,40,3,20,20,25630,20625,23,2.3152e-4,4.5014e-4,FALSE
K06399,sporulation_gene,108,7,41,41,25630,20625,48,1.9504e-6,3.9273e-6,FALSE
K06400,sporulation_gene,412,40,52,52,25630,20625,92,0.376,0.47491,FALSE
K06401,sporulation_gene,3,0,0,0,25630,20625,0,0,0,FALSE
K06402,sporulation_gene,11,0,0,0,25630,20625,0,0,0,FALSE
K06403,sporulation_gene,4,0,8,8,25630,20625,8,0,0,FALSE
K06404,sporulation_gene,3,0,8,8,25630,20625,8,0,0,FALSE
K06405,sporulation_gene,26,1,9,9,25630,20625,10,0.0027262,0.0049819,FALSE
K06408,sporulation_gene,45,1,11,11,25630,20625,12,8.3672e-4,0.0015752,FALSE
K06410,sporulation_gene,31,0,2,2,25630,20625,2,0,0,FALSE
K06411,sporulation_gene,29,1,2,2,25630,20625,3,0.17012,0.23515,FALSE
K06413,sporulation_gene,5,1,6,6,25630,20625,7,0.016031,0.026892,FALSE
K06416,sporulation_gene,160,1,3,3,25630,20625,4,0.094257,0.13956,FALSE
K06420,sporulation_gene,0,0,1,1,25630,20625,1,0,0,FALSE
K06423,sporulation_gene,2,0,0,0,25630,20625,0,0,0,FALSE
K06426,sporulation_gene,2,0,0,0,25630,20625,0,0,0,FALSE
K06436,sporulation_gene,6,0,0,0,25630,20625,0,0,0,FALSE
K06438,sporulation_gene,51,1,14,14,25630,20625,15,1.4225e-4,2.7932e-4,FALSE
K06608,sporulation_gene,1,0,1,1,25630,20625,1,0,0,FALSE
K06881,sporulation_gene,24,1,3,3,25630,20625,4,0.094257,0.13956,FALSE
K06888,sporulation_gene,3,0,0,0,25630,20625,0,0,0,FALSE
K06902,sporulation_gene,6,1,4,4,25630,20625,5,0.052224,0.08182,FALSE
K06949,sporulation_gene,49,2,11,11,25630,20625,13,0.005315,0.0094224,FALSE
K06973,sporulation_gene,40,4,27,27,25630,20625,31,2.9892e-5,5.9683e-5,FALSE
K07001,sporulation_gene,80,23,5,5,25630,20625,28,0.99995,1,FALSE
K07038,sporulation_gene,82,1,9,9,25630,20625,10,0.0027262,0.0049819,FALSE
K07042,sporulation_gene,132,8,28,28,25630,20625,36,0.0014698,0.0027237,FALSE
K07067,sporulation_gene,9,0,0,0,25630,20625,0,0,0,FALSE
K07074,sporulation_gene,17,1,2,2,25630,20625,3,0.17012,0.23515,FALSE
K07090,sporulation_gene,87,34,14,14,25630,20625,48,0.99979,1,FALSE
K07095,sporulation_gene,109,26,49,49,25630,20625,75,0.031294,0.050703,FALSE
K07097,sporulation_gene,514,222,174,174,25630,20625,396,1,1,FALSE
K07114,sporulation_gene,60,9,4,4,25630,20625,13,0.93415,0.99274,FALSE
K07180,sporulation_gene,3,0,0,0,25630,20625,0,0,0,FALSE
K07192,sporulation_gene,742,216,38,38,25630,20625,254,1,1,FALSE
K07217,sporulation_gene,15,2,1,1,25630,20625,3,0.58084,0.65111,FALSE
K07238,sporulation_gene,129,4,27,27,25630,20625,31,2.9892e-5,5.9683e-5,FALSE
K07240,sporulation_gene,160,16,31,31,25630,20625,47,0.053101,0.083084,FALSE
K07257,sporulation_gene,2,0,0,0,25630,20625,0,0,0,FALSE
K07300,sporulation_gene,0,0,1,1,25630,20625,1,0,0,FALSE
K07301,sporulation_gene,51,3,15,15,25630,20625,18,0.0027734,0.0050526,FALSE
K07447,sporulation_gene,96,1,8,8,25630,20625,9,0.0049208,0.0087366,FALSE
K07507,sporulation_gene,117,3,5,5,25630,20625,8,0.2272,0.30831,FALSE
K07566,sporulation_gene,32,4,12,12,25630,20625,16,0.030255,0.049087,FALSE
K07571,sporulation_gene,27,4,4,4,25630,20625,8,0.48654,0.58287,FALSE
K07636,sporulation_gene,129,16,29,29,25630,20625,45,0.084254,0.12746,FALSE
K07658,sporulation_gene,78,6,29,29,25630,20625,35,1.4288e-4,2.8009e-4,FALSE
K07697,sporulation_gene,3,0,0,0,25630,20625,0,0,0,FALSE
K07723,sporulation_gene,1,0,0,0,25630,20625,0,0,0,FALSE
K07734,sporulation_gene,1,1,0,0,25630,20625,1,0.5541,0.63494,FALSE
K08191,sporulation_gene,4,0,0,0,25630,20625,0,0,0,FALSE
K08222,sporulation_gene,2,0,0,0,25630,20625,0,0,0,FALSE
K08309,sporulation_gene,72,2,2,2,25630,20625,4,0.3977,0.48929,FALSE
K08602,sporulation_gene,13,4,5,5,25630,20625,9,0.3709,0.46946,FALSE
K08884,sporulation_gene,7,2,2,2,25630,20625,4,0.3977,0.48929,FALSE
K09022,sporulation_gene,50,8,8,8,25630,20625,16,0.5761,0.65111,FALSE
K09685,sporulation_gene,14,1,0,0,25630,20625,1,0.5541,0.63494,FALSE
K09762,sporulation_gene,101,12,15,15,25630,20625,27,0.4202,0.51377,FALSE
K09769,sporulation_gene,19,2,1,1,25630,20625,3,0.58084,0.65111,FALSE
K09777,sporulation_gene,88,8,11,11,25630,20625,19,0.32992,0.42164,FALSE
K09779,sporulation_gene,19,1,11,11,25630,20625,12,8.3672e-4,0.0015752,FALSE
K09786,sporulation_gene,3,1,0,0,25630,20625,1,0.5541,0.63494,FALSE
K09811,sporulation_gene,228,20,58,58,25630,20625,78,1.7212e-4,3.363e-4,FALSE
K09812,sporulation_gene,316,38,72,72,25630,20625,110,0.012587,0.021356,FALSE
K09861,sporulation_gene,23,1,4,4,25630,20625,5,0.052224,0.08182,FALSE
K09936,sporulation_gene,6,1,2,2,25630,20625,3,0.17012,0.23515,FALSE
K09967,sporulation_gene,3,0,0,0,25630,20625,0,0,0,FALSE
K10039,sporulation_gene,3,0,0,0,25630,20625,0,0,0,FALSE
K10040,sporulation_gene,3,0,0,0,25630,20625,0,0,0,FALSE
K10041,sporulation_gene,3,0,0,0,25630,20625,0,0,0,FALSE
K10716,sporulation_gene,129,30,95,95,25630,20625,125,5.3238e-7,1.083e-6,FALSE
K10823,sporulation_gene,94,34,36,36,25630,20625,70,0.70985,0.78976,FALSE
K11105,sporulation_gene,14,9,9,9,25630,20625,18,0.59172,0.66268,FALSE
K11749,sporulation_gene,74,4,26,26,25630,20625,30,4.8977e-5,9.7461e-5,FALSE
K12132,sporulation_gene,176,11,18,18,25630,20625,29,0.18229,0.25139,FALSE
K12555,sporulation_gene,6,1,1,1,25630,20625,2,0.30702,0.39708,FALSE
K13052,sporulation_gene,1,0,0,0,25630,20625,0,0,0,FALSE
K13275,sporulation_gene,36,0,9,9,25630,20625,9,0,0,FALSE
K13281,sporulation_gene,1,0,0,0,25630,20625,0,0,0,FALSE
K13292,sporulation_gene,93,2,17,17,25630,20625,19,2.1833e-4,4.2589e-4,FALSE
K14155,sporulation_gene,87,16,15,15,25630,20625,31,0.72885,0.80938,FALSE
K14170,sporulation_gene,108,9,39,39,25630,20625,48,4.2239e-5,8.4194e-5,FALSE
K15580,sporulation_gene,124,32,52,52,25630,20625,84,0.094717,0.13989,FALSE
K15581,sporulation_gene,58,4,20,20,25630,20625,24,8.776e-4,0.0016443,FALSE
K15582,sporulation_gene,58,6,20,20,25630,20625,26,0.0064632,0.011323,FALSE
K15583,sporulation_gene,90,6,22,22,25630,20625,28,0.0028856,0.0052249,FALSE
K15771,sporulation_gene,3,3,8,8,25630,20625,11,0.068715,0.10475,FALSE
K16012,sporulation_gene,5,5,0,0,25630,20625,5,0.98238,1,FALSE
K16203,sporulation_gene,5,1,3,3,25630,20625,4,0.094257,0.13956,FALSE
K16511,sporulation_gene,18,3,18,18,25630,20625,21,6.3331e-4,0.0011998,FALSE
K18197,sporulation_gene,14,0,5,5,25630,20625,5,0,0,FALSE
K18672,sporulation_gene,63,5,9,9,25630,20625,14,0.17502,0.24165,FALSE
K18890,sporulation_gene,10,1,22,22,25630,20625,23,1.2608e-6,2.5517e-6,FALSE
K18979,sporulation_gene,10,1,0,0,25630,20625,1,0.5541,0.63494,FALSE
K19405,sporulation_gene,13,2,1,1,25630,20625,3,0.58084,0.65111,FALSE
K19411,sporulation_gene,13,2,0,0,25630,20625,2,0.80118,0.86539,FALSE
K19449,sporulation_gene,8,5,4,4,25630,20625,9,0.6311,0.70412,FALSE
K19689,sporulation_gene,24,6,2,2,25630,20625,8,0.91535,0.9755,FALSE
K20534,sporulation_gene,157,14,2,2,25630,20625,16,0.9995,1,FALSE
K21464,sporulation_gene,2,2,0,0,25630,20625,2,0.80118,0.86539,FALSE
K21469,sporulation_gene,9,0,22,22,25630,20625,22,0,0,FALSE
K21472,sporulation_gene,47,0,24,24,25630,20625,24,0,0,FALSE
K21583,sporulation_gene,0,0,1,1,25630,20625,1,0,0,FALSE
K21935,sporulation_gene,1,0,0,0,25630,20625,0,0,0,FALSE
K22278,sporulation_gene,38,5,10,10,25630,20625,15,0.12688,0.18419,FALSE
K22299,sporulation_gene,5,1,2,2,25630,20625,3,0.17012,0.23515,FALSE
K22441,sporulation_gene,1,1,0,0,25630,20625,1,0.5541,0.63494,FALSE
K22933,sporulation_gene,0,0,1,1,25630,20625,1,0,0,FALSE
K23989,sporulation_gene,23,1,12,12,25630,20625,13,4.6353e-4,8.7959e-4,FALSE
A36,other,23,0,55,55,25630,20625,55,0,0,TRUE
K00558,other,1192,165,484,484,25630,20625,649,8.5247e-25,1.8483000000000002e-24,TRUE
M23B,other,100,1,48,48,25630,20625,49,2.6731e-13,5.6512e-13,TRUE
S11,other,235,6,54,54,25630,20625,60,8.3518e-10,1.7317e-9,TRUE
S24,other,3515,175,619,619,25630,20625,794,2.5368e-41,5.5716e-41,TRUE
A01A,other,1,0,0,0,25630,20625,0,0,0,FALSE
A01B,other,2,0,0,0,25630,20625,0,0,0,FALSE
A08,other,12,1,7,7,25630,20625,8,0.0088819,0.015222,FALSE
A24A,other,8,1,15,15,25630,20625,16,7.8801e-5,1.5628e-4,FALSE
A24B,other,0,0,1,1,25630,20625,1,0,0,FALSE
A25,other,19,1,7,7,25630,20625,8,0.0088819,0.015222,FALSE
A26,other,4,0,0,0,25630,20625,0,0,0,FALSE
A28B,other,1,0,1,1,25630,20625,1,0,0,FALSE
A31,other,9,0,1,1,25630,20625,1,0,0,FALSE
A32,other,11,0,0,0,25630,20625,0,0,0,FALSE
C10,other,46,0,0,0,25630,20625,0,0,0,FALSE
C110,other,44,1,29,29,25630,20625,30,2.0156e-8,4.143e-8,FALSE
C118,other,1,0,0,0,25630,20625,0,0,0,FALSE
C11A,other,1,0,0,0,25630,20625,0,0,0,FALSE
C12,other,2,0,0,0,25630,20625,0,0,0,FALSE
C13,other,1,0,0,0,25630,20625,0,0,0,FALSE
C15,other,15,0,5,5,25630,20625,5,0,0,FALSE
C25,other,10,0,0,0,25630,20625,0,0,0,FALSE
C40,other,12,0,0,0,25630,20625,0,0,0,FALSE
C44,other,168,40,95,95,25630,20625,135,1.2805e-4,2.5185e-4,FALSE
C45,other,2,0,0,0,25630,20625,0,0,0,FALSE
C46,other,3,0,0,0,25630,20625,0,0,0,FALSE
C50,other,6,0,0,0,25630,20625,0,0,0,FALSE
C51,other,1,0,0,0,25630,20625,0,0,0,FALSE
C54,other,3,0,0,0,25630,20625,0,0,0,FALSE
C56,other,27,4,13,13,25630,20625,17,0.019983,0.033333,FALSE
C66,other,2,0,0,0,25630,20625,0,0,0,FALSE
C69,other,13,0,3,3,25630,20625,3,0,0,FALSE
C75,other,8,0,3,3,25630,20625,3,0,0,FALSE
C82A,other,22,2,9,9,25630,20625,11,0.014885,0.025148,FALSE
C93,other,2,0,0,0,25630,20625,0,0,0,FALSE
C95,other,4,0,0,0,25630,20625,0,0,0,FALSE
C96,other,2,0,0,0,25630,20625,0,0,0,FALSE
I39,other,1517,16,3,3,25630,20625,19,0.99954,1,FALSE
I42,other,1,0,0,0,25630,20625,0,0,0,FALSE
I83,other,1,0,0,0,25630,20625,0,0,0,FALSE
I87,other,674,208,34,34,25630,20625,242,1,1,FALSE
K00001,other,0,0,1,1,25630,20625,1,0,0,FALSE
K00003,other,2,6,8,8,25630,20625,14,0.3488,0.44434,FALSE
K00008,other,2,0,0,0,25630,20625,0,0,0,FALSE
K00013,other,14,1,2,2,25630,20625,3,0.17012,0.23515,FALSE
K00014,other,15,0,7,7,25630,20625,7,0,0,FALSE
K00016,other,2,4,4,4,25630,20625,8,0.48654,0.58287,FALSE
K00024,other,63,0,7,7,25630,20625,7,0,0,FALSE
K00026,other,3,0,0,0,25630,20625,0,0,0,FALSE
K00027,other,2,2,2,2,25630,20625,4,0.3977,0.48929,FALSE
K00030,other,0,2,0,0,25630,20625,2,0.80118,0.86539,FALSE
K00031,other,104,12,32,32,25630,20625,44,0.0058708,0.010377,FALSE
K00036,other,45,0,3,3,25630,20625,3,0,0,FALSE
K00052,other,22,4,6,6,25630,20625,10,0.27478,0.36494,FALSE
K00053,other,24,2,6,6,25630,20625,8,0.066077,0.10099,FALSE
K00058,other,11,4,5,5,25630,20625,9,0.3709,0.46946,FALSE
K00088,other,19,2,10,10,25630,20625,12,0.0089201,0.015222,FALSE
K00101,other,2,0,0,0,25630,20625,0,0,0,FALSE
K00108,other,6,0,0,0,25630,20625,0,0,0,FALSE
K00116,other,2,0,0,0,25630,20625,0,0,0,FALSE
K00130,other,1,0,1,1,25630,20625,1,0,0,FALSE
K00145,other,8,1,3,3,25630,20625,4,0.094257,0.13956,FALSE
K00147,other,10,1,3,3,25630,20625,4,0.094257,0.13956,FALSE
K00161,other,2,0,0,0,25630,20625,0,0,0,FALSE
K00169,other,8,0,4,4,25630,20625,4,0,0,FALSE
K00170,other,8,0,8,8,25630,20625,8,0,0,FALSE
K00171,other,0,0,4,4,25630,20625,4,0,0,FALSE
K00172,other,8,0,0,0,25630,20625,0,0,0,FALSE
K00174,other,44,4,0,0,25630,20625,4,0.96048,1,FALSE
K00175,other,36,4,0,0,25630,20625,4,0.96048,1,FALSE
K00176,other,20,4,0,0,25630,20625,4,0.96048,1,FALSE
K00194,other,0,3,3,3,25630,20625,6,0.44982,0.54493,FALSE
K00196,other,0,0,1,1,25630,20625,1,0,0,FALSE
K00197,other,0,3,3,3,25630,20625,6,0.44982,0.54493,FALSE
K00198,other,0,0,2,2,25630,20625,2,0,0,FALSE
K00207,other,1,0,0,0,25630,20625,0,0,0,FALSE
K00226,other,4,0,0,0,25630,20625,0,0,0,FALSE
K00234,other,6,0,0,0,25630,20625,0,0,0,FALSE
K00235,other,3,0,0,0,25630,20625,0,0,0,FALSE
K00239,other,50,5,5,5,25630,20625,10,0.51507,0.61518,FALSE
K00240,other,35,0,5,5,25630,20625,5,0,0,FALSE
K00241,other,45,0,0,0,25630,20625,0,0,0,FALSE
K00244,other,12,8,0,0,25630,20625,8,0.99844,1,FALSE
K00253,other,2,0,0,0,25630,20625,0,0,0,FALSE
K00254,other,5,0,0,0,25630,20625,0,0,0,FALSE
K00261,other,1,0,0,0,25630,20625,0,0,0,FALSE
K00281,other,4,0,0,0,25630,20625,0,0,0,FALSE
K00290,other,6,0,4,4,25630,20625,4,0,0,FALSE
K00297,other,12,0,3,3,25630,20625,3,0,0,FALSE
K00330,other,2,0,0,0,25630,20625,0,0,0,FALSE
K00331,other,2,0,0,0,25630,20625,0,0,0,FALSE
K00334,other,1,0,0,0,25630,20625,0,0,0,FALSE
K00335,other,1,0,1,1,25630,20625,1,0,0,FALSE
K00336,other,2,0,3,3,25630,20625,3,0,0,FALSE
K00337,other,2,0,0,0,25630,20625,0,0,0,FALSE
K00338,other,3,0,0,0,25630,20625,0,0,0,FALSE
K00339,other,2,0,0,0,25630,20625,0,0,0,FALSE
K00340,other,2,0,0,0,25630,20625,0,0,0,FALSE
K00341,other,4,0,0,0,25630,20625,0,0,0,FALSE
K00342,other,4,0,0,0,25630,20625,0,0,0,FALSE
K00343,other,4,0,0,0,25630,20625,0,0,0,FALSE
K00346,other,12,0,0,0,25630,20625,0,0,0,FALSE
K00347,other,10,0,0,0,25630,20625,0,0,0,FALSE
K00348,other,7,0,0,0,25630,20625,0,0,0,FALSE
K00349,other,8,0,0,0,25630,20625,0,0,0,FALSE
K00350,other,7,0,0,0,25630,20625,0,0,0,FALSE
K00351,other,9,0,0,0,25630,20625,0,0,0,FALSE
K00362,other,1,0,0,0,25630,20625,0,0,0,FALSE
K00363,other,1,0,0,0,25630,20625,0,0,0,FALSE
K00370,other,3,0,0,0,25630,20625,0,0,0,FALSE
K00376,other,1,0,0,0,25630,20625,0,0,0,FALSE
K00380,other,1,0,0,0,25630,20625,0,0,0,FALSE
K00382,other,48,6,12,12,25630,20625,18,0.11425,0.16605,FALSE
K00394,other,3,1,1,1,25630,20625,2,0.30702,0.39708,FALSE
K00395,other,2,1,1,1,25630,20625,2,0.30702,0.39708,FALSE
K00399,other,8,0,0,0,25630,20625,0,0,0,FALSE
K00401,other,4,0,0,0,25630,20625,0,0,0,FALSE
K00402,other,4,0,0,0,25630,20625,0,0,0,FALSE
K00412,other,10,0,0,0,25630,20625,0,0,0,FALSE
K00413,other,2,0,0,0,25630,20625,0,0,0,FALSE
K00441,other,1,0,0,0,25630,20625,0,0,0,FALSE
K00457,other,2,0,0,0,25630,20625,0,0,0,FALSE
K00525,other,68,2,8,8,25630,20625,10,0.024672,0.04081,FALSE
K00526,other,5,1,0,0,25630,20625,1,0.5541,0.63494,FALSE
K00529,other,2,0,0,0,25630,20625,0,0,0,FALSE
K00548,other,8,0,3,3,25630,20625,3,0,0,FALSE
K00549,other,5,0,3,3,25630,20625,3,0,0,FALSE
K00560,other,117,5,6,6,25630,20625,11,0.40793,0.4998,FALSE
K00568,other,2,0,0,0,25630,20625,0,0,0,FALSE
K00595,other,0,1,2,2,25630,20625,3,0.17012,0.23515,FALSE
K00602,other,15,4,4,4,25630,20625,8,0.48654,0.58287,FALSE
K00609,other,8,4,4,4,25630,20625,8,0.48654,0.58287,FALSE
K00610,other,9,1,3,3,25630,20625,4,0.094257,0.13956,FALSE
K00611,other,5,0,1,1,25630,20625,1,0,0,FALSE
K00615,other,96,32,52,52,25630,20625,84,0.094717,0.13989,FALSE
K00616,other,8,0,2,2,25630,20625,2,0,0,FALSE
K00620,other,2,1,2,2,25630,20625,3,0.17012,0.23515,FALSE
K00625,other,14,2,4,4,25630,20625,6,0.16867,0.23515,FALSE
K00651,other,13,4,9,9,25630,20625,13,0.097912,0.14443,FALSE
K00656,other,28,3,14,14,25630,20625,17,0.0044901,0.0080293,FALSE
K00674,other,1,0,0,0,25630,20625,0,0,0,FALSE
K00762,other,11,1,5,5,25630,20625,6,0.028935,0.047334,FALSE
K00764,other,2,0,0,0,25630,20625,0,0,0,FALSE
K00765,other,11,2,1,1,25630,20625,3,0.58084,0.65111,FALSE
K00766,other,7,1,1,1,25630,20625,2,0.30702,0.39708,FALSE
K00789,other,186,26,30,30,25630,20625,56,0.55846,0.63932,FALSE
K00798,other,18,0,18,18,25630,20625,18,0,0,FALSE
K00800,other,6,2,1,1,25630,20625,3,0.58084,0.65111,FALSE
K00817,other,16,0,0,0,25630,20625,0,0,0,FALSE
K00821,other,10,2,4,4,25630,20625,6,0.16867,0.23515,FALSE
K00826,other,33,15,9,9,25630,20625,24,0.9403,0.99838,FALSE
K00831,other,16,3,5,5,25630,20625,8,0.2272,0.30831,FALSE
K00844,other,4,0,0,0,25630,20625,0,0,0,FALSE
K00845,other,20,4,8,8,25630,20625,12,0.14073,0.20354,FALSE
K00847,other,21,1,1,1,25630,20625,2,0.30702,0.39708,FALSE
K00849,other,51,6,18,18,25630,20625,24,0.014052,0.023808,FALSE
K00850,other,19,1,5,5,25630,20625,6,0.028935,0.047334,FALSE
K00854,other,15,9,12,12,25630,20625,21,0.35533,0.45168,FALSE
K00872,other,3,0,0,0,25630,20625,0,0,0,FALSE
K00873,other,40,8,32,32,25630,20625,40,2.9675e-4,5.7602e-4,FALSE
K00874,other,24,6,27,27,25630,20625,33,3.4572e-4,6.6347e-4,FALSE
K00891,other,7,1,3,3,25630,20625,4,0.094257,0.13956,FALSE
K00925,other,22,2,6,6,25630,20625,8,0.066077,0.10099,FALSE
K00929,other,6,0,1,1,25630,20625,1,0,0,FALSE
K00930,other,4,2,2,2,25630,20625,4,0.3977,0.48929,FALSE
K00937,other,8,2,6,6,25630,20625,8,0.066077,0.10099,FALSE
K00939,other,18,1,6,6,25630,20625,7,0.016031,0.026892,FALSE
K00942,other,113,12,44,44,25630,20625,56,8.2796e-5,1.6393e-4,FALSE
K00943,other,20,3,1,1,25630,20625,4,0.76398,0.83819,FALSE
K00945,other,5,1,4,4,25630,20625,5,0.052224,0.08182,FALSE
K00948,other,2,0,1,1,25630,20625,1,0,0,FALSE
K00955,other,1,0,0,0,25630,20625,0,0,0,FALSE
K00956,other,12,2,6,6,25630,20625,8,0.066077,0.10099,FALSE
K00957,other,134,2,8,8,25630,20625,10,0.024672,0.04081,FALSE
K00966,other,2,0,0,0,25630,20625,0,0,0,FALSE
K00971,other,16,1,4,4,25630,20625,5,0.052224,0.08182,FALSE
K00972,other,2,0,0,0,25630,20625,0,0,0,FALSE
K01006,other,47,6,7,7,25630,20625,13,0.4387,0.53474,FALSE
K01007,other,4,2,0,0,25630,20625,2,0.80118,0.86539,FALSE
K01011,other,6,0,1,1,25630,20625,1,0,0,FALSE
K01026,other,0,0,3,3,25630,20625,3,0,0,FALSE
K01053,other,1,0,0,0,25630,20625,0,0,0,FALSE
K01057,other,33,0,3,3,25630,20625,3,0,0,FALSE
K01067,other,1,0,0,0,25630,20625,0,0,0,FALSE
K01079,other,6,0,0,0,25630,20625,0,0,0,FALSE
K01089,other,6,0,0,0,25630,20625,0,0,0,FALSE
K01190,other,166,11,15,15,25630,20625,26,0.33565,0.4285,FALSE
K01195,other,2,0,0,0,25630,20625,0,0,0,FALSE
K01243,other,35,2,2,2,25630,20625,4,0.3977,0.48929,FALSE
K01251,other,4,1,0,0,25630,20625,1,0.5541,0.63494,FALSE
K01476,other,1,0,0,0,25630,20625,0,0,0,FALSE
K01479,other,1,0,0,0,25630,20625,0,0,0,FALSE
K01491,other,88,6,20,20,25630,20625,26,0.0064632,0.011323,FALSE
K01494,other,43,6,0,0,25630,20625,6,0.99214,1,FALSE
K01496,other,0,1,0,0,25630,20625,1,0.5541,0.63494,FALSE
K01512,other,1,0,0,0,25630,20625,0,0,0,FALSE
K01520,other,718,104,105,105,25630,20625,209,0.92444,0.98419,FALSE
K01588,other,11,1,2,2,25630,20625,3,0.17012,0.23515,FALSE
K01589,other,1,0,0,0,25630,20625,0,0,0,FALSE
K01591,other,9,1,8,8,25630,20625,9,0.0049208,0.0087366,FALSE
K01596,other,0,1,3,3,25630,20625,4,0.094257,0.13956,FALSE
K01599,other,1,0,0,0,25630,20625,0,0,0,FALSE
K01607,other,8,0,0,0,25630,20625,0,0,0,FALSE
K01609,other,6,1,1,1,25630,20625,2,0.30702,0.39708,FALSE
K01610,other,15,1,8,8,25630,20625,9,0.0049208,0.0087366,FALSE
K01624,other,76,12,24,24,25630,20625,36,0.061742,0.096223,FALSE
K01625,other,8,4,20,20,25630,20625,24,8.776e-4,0.0016443,FALSE
K01626,other,3,1,5,5,25630,20625,6,0.028935,0.047334,FALSE
K01628,other,3,0,2,2,25630,20625,2,0,0,FALSE
K01637,other,2,0,0,0,25630,20625,0,0,0,FALSE
K01638,other,1,0,0,0,25630,20625,0,0,0,FALSE
K01649,other,9,2,10,10,25630,20625,12,0.0089201,0.015222,FALSE
K01652,other,46,8,12,12,25630,20625,20,0.26395,0.35493,FALSE
K01653,other,24,4,6,6,25630,20625,10,0.27478,0.36494,FALSE
K01657,other,1,0,0,0,25630,20625,0,0,0,FALSE
K01666,other,2,0,8,8,25630,20625,8,0,0,FALSE
K01676,other,68,0,0,0,25630,20625,0,0,0,FALSE
K01677,other,5,0,0,0,25630,20625,0,0,0,FALSE
K01678,other,5,0,5,5,25630,20625,5,0,0,FALSE
K01679,other,6,6,0,0,25630,20625,6,0.99214,1,FALSE
K01681,other,120,35,30,30,25630,20625,65,0.91546,0.9755,FALSE
K01682,other,8,0,0,0,25630,20625,0,0,0,FALSE
K01687,other,18,2,2,2,25630,20625,4,0.3977,0.48929,FALSE
K01689,other,48,12,6,6,25630,20625,18,0.95008,1,FALSE
K01692,other,1,0,0,0,25630,20625,0,0,0,FALSE
K01693,other,2,1,1,1,25630,20625,2,0.30702,0.39708,FALSE
K01695,other,5,2,1,1,25630,20625,3,0.58084,0.65111,FALSE
K01696,other,3,2,1,1,25630,20625,3,0.58084,0.65111,FALSE
K01698,other,12,0,0,0,25630,20625,0,0,0,FALSE
K01703,other,20,6,4,4,25630,20625,10,0.74712,0.82383,FALSE
K01704,other,16,6,4,4,25630,20625,10,0.74712,0.82383,FALSE
K01712,other,6,0,0,0,25630,20625,0,0,0,FALSE
K01719,other,10,0,0,0,25630,20625,0,0,0,FALSE
K01733,other,6,2,5,5,25630,20625,7,0.10636,0.15497,FALSE
K01735,other,10,2,3,3,25630,20625,5,0.26239,0.35363,FALSE
K01738,other,13,5,6,6,25630,20625,11,0.40793,0.4998,FALSE
K01739,other,4,1,0,0,25630,20625,1,0.5541,0.63494,FALSE
K01745,other,7,0,0,0,25630,20625,0,0,0,FALSE
K01749,other,4,0,0,0,25630,20625,0,0,0,FALSE
K01754,other,6,2,2,2,25630,20625,4,0.3977,0.48929,FALSE
K01755,other,14,2,6,6,25630,20625,8,0.066077,0.10099,FALSE
K01756,other,40,6,10,10,25630,20625,16,0.2069,0.28335,FALSE
K01760,other,1,0,0,0,25630,20625,0,0,0,FALSE
K01778,other,27,0,15,15,25630,20625,15,0,0,FALSE
K01783,other,26,2,10,10,25630,20625,12,0.0089201,0.015222,FALSE
K01784,other,72,9,18,18,25630,20625,27,0.083652,0.12671,FALSE
K01785,other,52,2,4,4,25630,20625,6,0.16867,0.23515,FALSE
K01805,other,1,0,4,4,25630,20625,4,0,0,FALSE
K01807,other,35,5,0,0,25630,20625,5,0.98238,1,FALSE
K01808,other,64,8,12,12,25630,20625,20,0.26395,0.35493,FALSE
K01809,other,20,0,0,0,25630,20625,0,0,0,FALSE
K01810,other,20,8,8,8,25630,20625,16,0.5761,0.65111,FALSE
K01812,other,26,2,8,8,25630,20625,10,0.024672,0.04081,FALSE
K01814,other,6,2,3,3,25630,20625,5,0.26239,0.35363,FALSE
K01817,other,5,2,1,1,25630,20625,3,0.58084,0.65111,FALSE
K01818,other,4,2,0,0,25630,20625,2,0.80118,0.86539,FALSE
K01821,other,1,0,0,0,25630,20625,0,0,0,FALSE
K01834,other,15,0,0,0,25630,20625,0,0,0,FALSE
K01845,other,4,2,1,1,25630,20625,3,0.58084,0.65111,FALSE
K01847,other,7,2,0,0,25630,20625,2,0.80118,0.86539,FALSE
K01848,other,4,0,0,0,25630,20625,0,0,0,FALSE
K01849,other,4,0,0,0,25630,20625,0,0,0,FALSE
K01885,other,52,6,10,10,25630,20625,16,0.2069,0.28335,FALSE
K01886,other,14,2,1,1,25630,20625,3,0.58084,0.65111,FALSE
K01895,other,4,0,1,1,25630,20625,1,0,0,FALSE
K01899,other,2,0,0,0,25630,20625,0,0,0,FALSE
K01900,other,8,0,0,0,25630,20625,0,0,0,FALSE
K01902,other,0,5,0,0,25630,20625,5,0.98238,1,FALSE
K01903,other,0,5,0,0,25630,20625,5,0.98238,1,FALSE
K01905,other,3,0,0,0,25630,20625,0,0,0,FALSE
K01911,other,3,1,0,0,25630,20625,1,0.5541,0.63494,FALSE
K01923,other,18,3,2,2,25630,20625,5,0.60066,0.67143,FALSE
K01933,other,12,2,6,6,25630,20625,8,0.066077,0.10099,FALSE
K01938,other,13,2,3,3,25630,20625,5,0.26239,0.35363,FALSE
K01939,other,48,5,24,24,25630,20625,29,4.4388e-4,8.4366e-4,FALSE
K01940,other,9,3,2,2,25630,20625,5,0.60066,0.67143,FALSE
K01945,other,8,2,1,1,25630,20625,3,0.58084,0.65111,FALSE
K01951,other,8,3,4,4,25630,20625,7,0.32445,0.4151,FALSE
K01952,other,30,3,13,13,25630,20625,16,0.0072242,0.012637,FALSE
K01955,other,51,4,5,5,25630,20625,9,0.3709,0.46946,FALSE
K01958,other,0,3,5,5,25630,20625,8,0.2272,0.30831,FALSE
K01960,other,34,0,0,0,25630,20625,0,0,0,FALSE
K01965,other,1,0,0,0,25630,20625,0,0,0,FALSE
K01966,other,1,0,0,0,25630,20625,0,0,0,FALSE
K01989,other,3,2,2,2,25630,20625,4,0.3977,0.48929,FALSE
K01990,other,56,13,33,33,25630,20625,46,0.00763,0.013327,FALSE
K01992,other,58,8,17,17,25630,20625,25,0.069076,0.10517,FALSE
K01995,other,4,0,2,2,25630,20625,2,0,0,FALSE
K01996,other,4,0,2,2,25630,20625,2,0,0,FALSE
K01997,other,6,0,2,2,25630,20625,2,0,0,FALSE
K01998,other,4,0,2,2,25630,20625,2,0,0,FALSE
K01999,other,6,4,6,6,25630,20625,10,0.27478,0.36494,FALSE
K02000,other,5,0,0,0,25630,20625,0,0,0,FALSE
K02001,other,2,0,0,0,25630,20625,0,0,0,FALSE
K02002,other,1,0,0,0,25630,20625,0,0,0,FALSE
K02003,other,87,18,49,49,25630,20625,67,9.1091e-4,0.001704,FALSE
K02004,other,98,17,37,37,25630,20625,54,0.017669,0.029598,FALSE
K02006,other,4,2,4,4,25630,20625,6,0.16867,0.23515,FALSE
K02007,other,2,4,4,4,25630,20625,8,0.48654,0.58287,FALSE
K02008,other,4,2,4,4,25630,20625,6,0.16867,0.23515,FALSE
K02009,other,0,2,2,2,25630,20625,4,0.3977,0.48929,FALSE
K02010,other,3,0,0,0,25630,20625,0,0,0,FALSE
K02011,other,3,1,0,0,25630,20625,1,0.5541,0.63494,FALSE
K02012,other,4,1,1,1,25630,20625,2,0.30702,0.39708,FALSE
K02013,other,19,0,3,3,25630,20625,3,0,0,FALSE
K02015,other,18,0,5,5,25630,20625,5,0,0,FALSE
K02016,other,16,2,4,4,25630,20625,6,0.16867,0.23515,FALSE
K02017,other,2,0,0,0,25630,20625,0,0,0,FALSE
K02018,other,2,0,0,0,25630,20625,0,0,0,FALSE
K02020,other,3,0,0,0,25630,20625,0,0,0,FALSE
K02025,other,5,5,13,13,25630,20625,18,0.044168,0.07098,FALSE
K02026,other,3,4,10,10,25630,20625,14,0.067068,0.10237,FALSE
K02027,other,10,3,5,5,25630,20625,8,0.2272,0.30831,FALSE
K02028,other,8,6,10,10,25630,20625,16,0.2069,0.28335,FALSE
K02029,other,8,6,16,16,25630,20625,22,0.029511,0.048143,FALSE
K02030,other,20,10,20,20,25630,20625,30,0.075528,0.11484,FALSE
K02031,other,5,4,4,4,25630,20625,8,0.48654,0.58287,FALSE
K02032,other,2,1,2,2,25630,20625,3,0.17012,0.23515,FALSE
K02033,other,7,3,5,5,25630,20625,8,0.2272,0.30831,FALSE
K02034,other,9,3,4,4,25630,20625,7,0.32445,0.4151,FALSE
K02035,other,9,3,4,4,25630,20625,7,0.32445,0.4151,FALSE
K02036,other,6,2,4,4,25630,20625,6,0.16867,0.23515,FALSE
K02037,other,6,1,5,5,25630,20625,6,0.028935,0.047334,FALSE
K02038,other,6,1,4,4,25630,20625,5,0.052224,0.08182,FALSE
K02040,other,18,1,6,6,25630,20625,7,0.016031,0.026892,FALSE
K02041,other,1,0,0,0,25630,20625,0,0,0,FALSE
K02042,other,2,0,0,0,25630,20625,0,0,0,FALSE
K02044,other,1,0,0,0,25630,20625,0,0,0,FALSE
K02045,other,2,2,6,6,25630,20625,8,0.066077,0.10099,FALSE
K02046,other,0,2,2,2,25630,20625,4,0.3977,0.48929,FALSE
K02047,other,0,2,2,2,25630,20625,4,0.3977,0.48929,FALSE
K02053,other,1,0,0,0,25630,20625,0,0,0,FALSE
K02055,other,1,0,0,0,25630,20625,0,0,0,FALSE
K02065,other,21,0,0,0,25630,20625,0,0,0,FALSE
K02066,other,21,0,0,0,25630,20625,0,0,0,FALSE
K02067,other,15,0,0,0,25630,20625,0,0,0,FALSE
K02068,other,2,0,0,0,25630,20625,0,0,0,FALSE
K02069,other,2,0,0,0,25630,20625,0,0,0,FALSE
K02071,other,2,4,6,6,25630,20625,10,0.27478,0.36494,FALSE
K02072,other,2,4,6,6,25630,20625,10,0.27478,0.36494,FALSE
K02073,other,8,4,6,6,25630,20625,10,0.27478,0.36494,FALSE
K02074,other,1,0,0,0,25630,20625,0,0,0,FALSE
K02075,other,1,0,0,0,25630,20625,0,0,0,FALSE
K02077,other,1,0,0,0,25630,20625,0,0,0,FALSE
K02107,other,0,0,1,1,25630,20625,1,0,0,FALSE
K02108,other,11,2,2,2,25630,20625,4,0.3977,0.48929,FALSE
K02109,other,11,1,2,2,25630,20625,3,0.17012,0.23515,FALSE
K02110,other,10,1,2,2,25630,20625,3,0.17012,0.23515,FALSE
K02111,other,15,1,1,1,25630,20625,2,0.30702,0.39708,FALSE
K02113,other,12,0,2,2,25630,20625,2,0,0,FALSE
K02114,other,10,1,2,2,25630,20625,3,0.17012,0.23515,FALSE
K02115,other,14,1,1,1,25630,20625,2,0.30702,0.39708,FALSE
K02117,other,0,1,2,2,25630,20625,3,0.17012,0.23515,FALSE
K02118,other,0,1,2,2,25630,20625,3,0.17012,0.23515,FALSE
K02119,other,0,1,2,2,25630,20625,3,0.17012,0.23515,FALSE
K02120,other,1,1,2,2,25630,20625,3,0.17012,0.23515,FALSE
K02121,other,0,1,1,1,25630,20625,2,0.30702,0.39708,FALSE
K02122,other,0,1,2,2,25630,20625,3,0.17012,0.23515,FALSE
K02123,other,1,1,2,2,25630,20625,3,0.17012,0.23515,FALSE
K02124,other,2,1,2,2,25630,20625,3,0.17012,0.23515,FALSE
K02134,other,1,0,0,0,25630,20625,0,0,0,FALSE
K02146,other,3,0,0,0,25630,20625,0,0,0,FALSE
K02154,other,3,0,0,0,25630,20625,0,0,0,FALSE
K02155,other,1,0,0,0,25630,20625,0,0,0,FALSE
K02188,other,1,0,2,2,25630,20625,2,0,0,FALSE
K02189,other,0,1,2,2,25630,20625,3,0.17012,0.23515,FALSE
K02190,other,2,1,0,0,25630,20625,1,0.5541,0.63494,FALSE
K02203,other,0,0,1,1,25630,20625,1,0,0,FALSE
K02227,other,12,3,9,9,25630,20625,12,0.044709,0.071366,FALSE
K02230,other,5,0,0,0,25630,20625,0,0,0,FALSE
K02231,other,3,3,0,0,25630,20625,3,0.91135,0.97287,FALSE
K02233,other,2,2,2,2,25630,20625,4,0.3977,0.48929,FALSE
K02303,other,1,0,0,0,25630,20625,0,0,0,FALSE
K02304,other,2,0,0,0,25630,20625,0,0,0,FALSE
K02361,other,5,0,0,0,25630,20625,0,0,0,FALSE
K02386,other,1,0,0,0,25630,20625,0,0,0,FALSE
K02387,other,2,0,2,2,25630,20625,2,0,0,FALSE
K02388,other,2,0,2,2,25630,20625,2,0,0,FALSE
K02389,other,1,0,4,4,25630,20625,4,0,0,FALSE
K02390,other,2,0,4,4,25630,20625,4,0,0,FALSE
K02391,other,1,0,0,0,25630,20625,0,0,0,FALSE
K02392,other,5,0,0,0,25630,20625,0,0,0,FALSE
K02393,other,1,0,0,0,25630,20625,0,0,0,FALSE
K02396,other,10,0,1,1,25630,20625,1,0,0,FALSE
K02397,other,4,0,1,1,25630,20625,1,0,0,FALSE
K02400,other,1,0,2,2,25630,20625,2,0,0,FALSE
K02401,other,1,0,0,0,25630,20625,0,0,0,FALSE
K02406,other,9,2,10,10,25630,20625,12,0.0089201,0.015222,FALSE
K02407,other,8,0,1,1,25630,20625,1,0,0,FALSE
K02408,other,3,0,2,2,25630,20625,2,0,0,FALSE
K02409,other,4,0,2,2,25630,20625,2,0,0,FALSE
K02410,other,2,0,3,3,25630,20625,3,0,0,FALSE
K02411,other,0,0,2,2,25630,20625,2,0,0,FALSE
K02413,other,0,0,3,3,25630,20625,3,0,0,FALSE
K02416,other,1,0,2,2,25630,20625,2,0,0,FALSE
K02417,other,1,0,2,2,25630,20625,2,0,0,FALSE
K02422,other,3,0,2,2,25630,20625,2,0,0,FALSE
K02424,other,6,0,0,0,25630,20625,0,0,0,FALSE
K02437,other,5,0,0,0,25630,20625,0,0,0,FALSE
K02492,other,2,1,1,1,25630,20625,2,0.30702,0.39708,FALSE
K02500,other,6,3,3,3,25630,20625,6,0.44982,0.54493,FALSE
K02502,other,2,2,1,1,25630,20625,3,0.58084,0.65111,FALSE
K02548,other,3,0,0,0,25630,20625,0,0,0,FALSE
K02549,other,0,1,0,0,25630,20625,1,0.5541,0.63494,FALSE
K02551,other,8,1,1,1,25630,20625,2,0.30702,0.39708,FALSE
K02556,other,2,0,3,3,25630,20625,3,0,0,FALSE
K02557,other,11,0,3,3,25630,20625,3,0,0,FALSE
K02567,other,2,0,0,0,25630,20625,0,0,0,FALSE
K02750,other,0,0,1,1,25630,20625,1,0,0,FALSE
K02757,other,0,1,0,0,25630,20625,1,0.5541,0.63494,FALSE
K02759,other,1,0,0,0,25630,20625,0,0,0,FALSE
K02760,other,1,2,2,2,25630,20625,4,0.3977,0.48929,FALSE
K02768,other,45,4,6,6,25630,20625,10,0.27478,0.36494,FALSE
K02769,other,47,4,7,7,25630,20625,11,0.1987,0.27339,FALSE
K02777,other,0,7,0,0,25630,20625,7,0.9965,1,FALSE
K02786,other,0,2,0,0,25630,20625,2,0.80118,0.86539,FALSE
K02788,other,0,1,0,0,25630,20625,1,0.5541,0.63494,FALSE
K02791,other,4,0,0,0,25630,20625,0,0,0,FALSE
K02793,other,2,0,0,0,25630,20625,0,0,0,FALSE
K02795,other,0,0,2,2,25630,20625,2,0,0,FALSE
K02800,other,0,0,1,1,25630,20625,1,0,0,FALSE
K02804,other,1,0,0,0,25630,20625,0,0,0,FALSE
K02808,other,2,0,2,2,25630,20625,2,0,0,FALSE
K02809,other,8,1,5,5,25630,20625,6,0.028935,0.047334,FALSE
K02812,other,1,0,0,0,25630,20625,0,0,0,FALSE
K02813,other,1,0,0,0,25630,20625,0,0,0,FALSE
K02814,other,1,0,0,0,25630,20625,0,0,0,FALSE
K02815,other,1,0,0,0,25630,20625,0,0,0,FALSE
K02819,other,0,1,0,0,25630,20625,1,0.5541,0.63494,FALSE
K02821,other,0,0,1,1,25630,20625,1,0,0,FALSE
K02822,other,0,0,1,1,25630,20625,1,0,0,FALSE
K02863,other,24,0,12,12,25630,20625,12,0,0,FALSE
K02864,other,26,2,10,10,25630,20625,12,0.0089201,0.015222,FALSE
K02866,other,2,0,0,0,25630,20625,0,0,0,FALSE
K02867,other,22,0,8,8,25630,20625,8,0,0,FALSE
K02868,other,2,0,0,0,25630,20625,0,0,0,FALSE
K02871,other,38,4,12,12,25630,20625,16,0.030255,0.049087,FALSE
K02872,other,2,0,0,0,25630,20625,0,0,0,FALSE
K02873,other,4,0,0,0,25630,20625,0,0,0,FALSE
K02874,other,12,10,36,36,25630,20625,46,3.4534e-4,6.6347e-4,FALSE
K02876,other,14,6,20,20,25630,20625,26,0.0064632,0.011323,FALSE
K02877,other,2,0,0,0,25630,20625,0,0,0,FALSE
K02878,other,9,6,20,20,25630,20625,26,0.0064632,0.011323,FALSE
K02879,other,7,1,4,4,25630,20625,5,0.052224,0.08182,FALSE
K02881,other,14,6,22,22,25630,20625,28,0.0028856,0.0052249,FALSE
K02882,other,1,0,0,0,25630,20625,0,0,0,FALSE
K02883,other,2,0,0,0,25630,20625,0,0,0,FALSE
K02884,other,9,1,4,4,25630,20625,5,0.052224,0.08182,FALSE
K02885,other,2,0,0,0,25630,20625,0,0,0,FALSE
K02886,other,22,12,40,40,25630,20625,52,3.7013e-4,7.0461e-4,FALSE
K02887,other,12,3,1,1,25630,20625,4,0.76398,0.83819,FALSE
K02888,other,6,0,2,2,25630,20625,2,0,0,FALSE
K02890,other,22,12,40,40,25630,20625,52,3.7013e-4,7.0461e-4,FALSE
K02892,other,22,12,36,36,25630,20625,48,0.0015385,0.0028422,FALSE
K02894,other,2,0,0,0,25630,20625,0,0,0,FALSE
K02895,other,12,10,36,36,25630,20625,46,3.4534e-4,6.6347e-4,FALSE
K02897,other,2,0,1,1,25630,20625,1,0,0,FALSE
K02898,other,3,0,0,0,25630,20625,0,0,0,FALSE
K02899,other,7,0,2,2,25630,20625,2,0,0,FALSE
K02902,other,2,2,1,1,25630,20625,3,0.58084,0.65111,FALSE
K02904,other,18,12,40,40,25630,20625,52,3.7013e-4,7.0461e-4,FALSE
K02906,other,22,12,30,30,25630,20625,42,0.011052,0.018779,FALSE
K02907,other,8,6,20,20,25630,20625,26,0.0064632,0.011323,FALSE
K02909,other,16,2,7,7,25630,20625,9,0.040571,0.065377,FALSE
K02910,other,6,0,0,0,25630,20625,0,0,0,FALSE
K02911,other,7,1,4,4,25630,20625,5,0.052224,0.08182,FALSE
K02913,other,5,1,3,3,25630,20625,4,0.094257,0.13956,FALSE
K02914,other,1,2,1,1,25630,20625,3,0.58084,0.65111,FALSE
K02915,other,2,0,0,0,25630,20625,0,0,0,FALSE
K02916,other,6,3,1,1,25630,20625,4,0.76398,0.83819,FALSE
K02917,other,6,0,0,0,25630,20625,0,0,0,FALSE
K02919,other,5,1,3,3,25630,20625,4,0.094257,0.13956,FALSE
K02921,other,2,0,0,0,25630,20625,0,0,0,FALSE
K02926,other,12,6,16,16,25630,20625,22,0.029511,0.048143,FALSE
K02931,other,14,10,36,36,25630,20625,46,3.4534e-4,6.6347e-4,FALSE
K02933,other,14,6,22,22,25630,20625,28,0.0028856,0.0052249,FALSE
K02935,other,15,1,6,6,25630,20625,7,0.016031,0.026892,FALSE
K02937,other,1,0,0,0,25630,20625,0,0,0,FALSE
K02939,other,15,0,1,1,25630,20625,1,0,0,FALSE
K02940,other,1,0,0,0,25630,20625,0,0,0,FALSE
K02945,other,36,3,4,4,25630,20625,7,0.32445,0.4151,FALSE
K02946,other,22,12,24,24,25630,20625,36,0.061742,0.096223,FALSE
K02948,other,10,2,10,10,25630,20625,12,0.0089201,0.015222,FALSE
K02950,other,22,14,26,26,25630,20625,40,0.082589,0.12542,FALSE
K02951,other,1,0,0,0,25630,20625,0,0,0,FALSE
K02952,other,12,2,10,10,25630,20625,12,0.0089201,0.015222,FALSE
K02953,other,2,0,0,0,25630,20625,0,0,0,FALSE
K02954,other,12,10,28,28,25630,20625,38,0.0063679,0.011239,FALSE
K02955,other,1,0,0,0,25630,20625,0,0,0,FALSE
K02956,other,12,4,4,4,25630,20625,8,0.48654,0.58287,FALSE
K02959,other,17,1,4,4,25630,20625,5,0.052224,0.08182,FALSE
K02960,other,1,0,0,0,25630,20625,0,0,0,FALSE
K02961,other,16,10,36,36,25630,20625,46,3.4534e-4,6.6347e-4,FALSE
K02963,other,5,3,3,3,25630,20625,6,0.44982,0.54493,FALSE
K02965,other,20,12,40,40,25630,20625,52,3.7013e-4,7.0461e-4,FALSE
K02966,other,2,0,0,0,25630,20625,0,0,0,FALSE
K02967,other,30,0,10,10,25630,20625,10,0,0,FALSE
K02968,other,8,3,4,4,25630,20625,7,0.32445,0.4151,FALSE
K02969,other,1,0,0,0,25630,20625,0,0,0,FALSE
K02970,other,4,2,2,2,25630,20625,4,0.3977,0.48929,FALSE
K02973,other,2,0,0,0,25630,20625,0,0,0,FALSE
K02974,other,2,0,0,0,25630,20625,0,0,0,FALSE
K02977,other,0,0,2,2,25630,20625,2,0,0,FALSE
K02982,other,22,12,40,40,25630,20625,52,3.7013e-4,7.0461e-4,FALSE
K02986,other,8,2,12,12,25630,20625,14,0.0031512,0.0056798,FALSE
K02988,other,14,6,22,22,25630,20625,28,0.0028856,0.0052249,FALSE
K02990,other,10,4,5,5,25630,20625,9,0.3709,0.46946,FALSE
K02991,other,2,0,0,0,25630,20625,0,0,0,FALSE
K02992,other,22,14,18,18,25630,20625,32,0.39483,0.48929,FALSE
K02993,other,1,0,0,0,25630,20625,0,0,0,FALSE
K02994,other,14,6,28,28,25630,20625,34,2.2274e-4,4.3378e-4,FALSE
K02995,other,4,0,0,0,25630,20625,0,0,0,FALSE
K02996,other,36,4,12,12,25630,20625,16,0.030255,0.049087,FALSE
K02998,other,1,0,0,0,25630,20625,0,0,0,FALSE
K03179,other,1,0,0,0,25630,20625,0,0,0,FALSE
K03181,other,1,0,0,0,25630,20625,0,0,0,FALSE
K03186,other,1,0,0,0,25630,20625,0,0,0,FALSE
K03340,other,8,0,0,0,25630,20625,0,0,0,FALSE
K03385,other,2,0,0,0,25630,20625,0,0,0,FALSE
K03388,other,16,0,0,0,25630,20625,0,0,0,FALSE
K03389,other,12,0,0,0,25630,20625,0,0,0,FALSE
K03390,other,8,0,0,0,25630,20625,0,0,0,FALSE
K03394,other,6,0,4,4,25630,20625,4,0,0,FALSE
K03475,other,0,0,1,1,25630,20625,1,0,0,FALSE
K03518,other,1,0,5,5,25630,20625,5,0,0,FALSE
K03523,other,6,8,10,10,25630,20625,18,0.40512,0.49738,FALSE
K03612,other,6,2,5,5,25630,20625,7,0.10636,0.15497,FALSE
K03613,other,6,2,6,6,25630,20625,8,0.066077,0.10099,FALSE
K03614,other,8,2,6,6,25630,20625,8,0.066077,0.10099,FALSE
K03615,other,7,2,6,6,25630,20625,8,0.066077,0.10099,FALSE
K03616,other,8,2,8,8,25630,20625,10,0.024672,0.04081,FALSE
K03617,other,7,2,5,5,25630,20625,7,0.10636,0.15497,FALSE
K03661,other,1,0,0,0,25630,20625,0,0,0,FALSE
K03737,other,68,16,60,60,25630,20625,76,4.9384e-6,9.8935e-6,FALSE
K03778,other,3,1,1,1,25630,20625,2,0.30702,0.39708,FALSE
K03785,other,3,0,6,6,25630,20625,6,0,0,FALSE
K03786,other,9,1,2,2,25630,20625,3,0.17012,0.23515,FALSE
K03856,other,3,2,0,0,25630,20625,2,0.80118,0.86539,FALSE
K03943,other,1,0,0,0,25630,20625,0,0,0,FALSE
K03950,other,2,0,0,0,25630,20625,0,0,0,FALSE
K03954,other,1,0,0,0,25630,20625,0,0,0,FALSE
K03955,other,1,0,0,0,25630,20625,0,0,0,FALSE
K04041,other,60,3,3,3,25630,20625,6,0.44982,0.54493,FALSE
K04069,other,31,2,12,12,25630,20625,14,0.0031512,0.0056798,FALSE
K04070,other,2,1,0,0,25630,20625,1,0.5541,0.63494,FALSE
K04072,other,7,4,4,4,25630,20625,8,0.48654,0.58287,FALSE
K04102,other,1,0,0,0,25630,20625,0,0,0,FALSE
K04486,other,9,2,5,5,25630,20625,7,0.10636,0.15497,FALSE
K04516,other,12,2,2,2,25630,20625,4,0.3977,0.48929,FALSE
K04517,other,1,2,0,0,25630,20625,2,0.80118,0.86539,FALSE
K04518,other,4,0,0,0,25630,20625,0,0,0,FALSE
K05776,other,7,0,0,0,25630,20625,0,0,0,FALSE
K05832,other,2,4,2,2,25630,20625,6,0.75149,0.82678,FALSE
K05833,other,2,5,2,2,25630,20625,7,0.85238,0.91652,FALSE
K05845,other,2,0,0,0,25630,20625,0,0,0,FALSE
K05846,other,4,0,0,0,25630,20625,0,0,0,FALSE
K05847,other,2,0,0,0,25630,20625,0,0,0,FALSE
K05895,other,0,2,2,2,25630,20625,4,0.3977,0.48929,FALSE
K05934,other,0,2,4,4,25630,20625,6,0.16867,0.23515,FALSE
K05936,other,2,0,4,4,25630,20625,4,0,0,FALSE
K06001,other,5,0,0,0,25630,20625,0,0,0,FALSE
K06016,other,1,0,0,0,25630,20625,0,0,0,FALSE
K06042,other,0,2,2,2,25630,20625,4,0.3977,0.48929,FALSE
K06209,other,0,0,2,2,25630,20625,2,0,0,FALSE
K06861,other,8,0,0,0,25630,20625,0,0,0,FALSE
K07091,other,6,0,0,0,25630,20625,0,0,0,FALSE
K07173,other,34,0,2,2,25630,20625,2,0,0,FALSE
K07323,other,1,0,0,0,25630,20625,0,0,0,FALSE
K07404,other,9,0,3,3,25630,20625,3,0,0,FALSE
K07590,other,0,2,1,1,25630,20625,3,0.58084,0.65111,FALSE
K08289,other,1,0,0,0,25630,20625,0,0,0,FALSE
K08678,other,6,0,1,1,25630,20625,1,0,0,FALSE
K09011,other,3,0,0,0,25630,20625,0,0,0,FALSE
K09690,other,1,0,0,0,25630,20625,0,0,0,FALSE
K09691,other,1,0,0,0,25630,20625,0,0,0,FALSE
K09692,other,4,0,1,1,25630,20625,1,0,0,FALSE
K09693,other,4,1,1,1,25630,20625,2,0.30702,0.39708,FALSE
K09696,other,0,0,1,1,25630,20625,1,0,0,FALSE
K09697,other,0,0,1,1,25630,20625,1,0,0,FALSE
K09808,other,19,1,0,0,25630,20625,1,0.5541,0.63494,FALSE
K09810,other,7,0,0,0,25630,20625,0,0,0,FALSE
K09815,other,13,3,0,0,25630,20625,3,0.91135,0.97287,FALSE
K09816,other,3,2,0,0,25630,20625,2,0.80118,0.86539,FALSE
K09817,other,6,2,0,0,25630,20625,2,0.80118,0.86539,FALSE
K09882,other,19,0,0,0,25630,20625,0,0,0,FALSE
K09969,other,4,0,0,0,25630,20625,0,0,0,FALSE
K10009,other,8,0,0,0,25630,20625,0,0,0,FALSE
K10010,other,4,0,0,0,25630,20625,0,0,0,FALSE
K10018,other,2,0,0,0,25630,20625,0,0,0,FALSE
K10020,other,2,0,0,0,25630,20625,0,0,0,FALSE
K10036,other,8,2,0,0,25630,20625,2,0.80118,0.86539,FALSE
K10037,other,2,0,0,0,25630,20625,0,0,0,FALSE
K10108,other,2,0,0,0,25630,20625,0,0,0,FALSE
K10109,other,2,0,0,0,25630,20625,0,0,0,FALSE
K10110,other,2,0,0,0,25630,20625,0,0,0,FALSE
K10111,other,8,0,0,0,25630,20625,0,0,0,FALSE
K10112,other,40,50,50,50,25630,20625,100,0.83867,0.90273,FALSE
K10117,other,4,2,6,6,25630,20625,8,0.066077,0.10099,FALSE
K10118,other,2,2,1,1,25630,20625,3,0.58084,0.65111,FALSE
K10119,other,2,2,1,1,25630,20625,3,0.58084,0.65111,FALSE
K10188,other,1,0,0,0,25630,20625,0,0,0,FALSE
K10189,other,1,0,0,0,25630,20625,0,0,0,FALSE
K10190,other,1,0,0,0,25630,20625,0,0,0,FALSE
K10200,other,1,0,0,0,25630,20625,0,0,0,FALSE
K10202,other,5,0,0,0,25630,20625,0,0,0,FALSE
K10206,other,14,2,8,8,25630,20625,10,0.024672,0.04081,FALSE
K10439,other,4,0,3,3,25630,20625,3,0,0,FALSE
K10440,other,3,0,4,4,25630,20625,4,0,0,FALSE
K10441,other,3,0,2,2,25630,20625,2,0,0,FALSE
K10540,other,2,1,3,3,25630,20625,4,0.094257,0.13956,FALSE
K10541,other,1,1,1,1,25630,20625,2,0.30702,0.39708,FALSE
K10542,other,2,1,1,1,25630,20625,2,0.30702,0.39708,FALSE
K10546,other,1,0,0,0,25630,20625,0,0,0,FALSE
K10547,other,2,0,0,0,25630,20625,0,0,0,FALSE
K10548,other,1,0,0,0,25630,20625,0,0,0,FALSE
K11003,other,1,0,0,0,25630,20625,0,0,0,FALSE
K11050,other,2,0,0,0,25630,20625,0,0,0,FALSE
K11051,other,2,0,1,1,25630,20625,1,0,0,FALSE
K11069,other,14,6,15,15,25630,20625,21,0.042135,0.067805,FALSE
K11070,other,12,5,12,12,25630,20625,17,0.063637,0.098917,FALSE
K11071,other,12,5,12,12,25630,20625,17,0.063637,0.098917,FALSE
K11072,other,13,5,11,11,25630,20625,16,0.090507,0.13657,FALSE
K11073,other,2,0,0,0,25630,20625,0,0,0,FALSE
K11075,other,2,0,0,0,25630,20625,0,0,0,FALSE
K11076,other,2,0,0,0,25630,20625,0,0,0,FALSE
K11175,other,5,2,2,2,25630,20625,4,0.3977,0.48929,FALSE
K11202,other,1,0,0,0,25630,20625,0,0,0,FALSE
K11203,other,1,0,0,0,25630,20625,0,0,0,FALSE
K11381,other,0,3,0,0,25630,20625,3,0.91135,0.97287,FALSE
K11720,other,8,0,0,0,25630,20625,0,0,0,FALSE
K11755,other,5,1,0,0,25630,20625,1,0.5541,0.63494,FALSE
K11959,other,0,1,0,0,25630,20625,1,0.5541,0.63494,FALSE
K11960,other,0,1,0,0,25630,20625,1,0.5541,0.63494,FALSE
K11961,other,0,1,0,0,25630,20625,1,0.5541,0.63494,FALSE
K11962,other,0,1,0,0,25630,20625,1,0.5541,0.63494,FALSE
K11963,other,0,1,0,0,25630,20625,1,0.5541,0.63494,FALSE
K12340,other,24,0,0,0,25630,20625,0,0,0,FALSE
K12368,other,4,0,0,0,25630,20625,0,0,0,FALSE
K12447,other,6,0,0,0,25630,20625,0,0,0,FALSE
K12524,other,25,0,0,0,25630,20625,0,0,0,FALSE
K12532,other,1,0,0,0,25630,20625,0,0,0,FALSE
K13378,other,2,0,0,0,25630,20625,0,0,0,FALSE
K13542,other,2,0,0,0,25630,20625,0,0,0,FALSE
K13788,other,2,0,0,0,25630,20625,0,0,0,FALSE
K13800,other,1,0,0,0,25630,20625,0,0,0,FALSE
K13829,other,1,0,0,0,25630,20625,0,0,0,FALSE
K13889,other,0,0,1,1,25630,20625,1,0,0,FALSE
K13893,other,1,0,0,0,25630,20625,0,0,0,FALSE
K13894,other,1,0,0,0,25630,20625,0,0,0,FALSE
K13990,other,4,0,0,0,25630,20625,0,0,0,FALSE
K14138,other,0,1,2,2,25630,20625,3,0.17012,0.23515,FALSE
K14187,other,2,0,0,0,25630,20625,0,0,0,FALSE
K14267,other,1,0,0,0,25630,20625,0,0,0,FALSE
K14534,other,0,0,4,4,25630,20625,4,0,0,FALSE
K15023,other,0,0,1,1,25630,20625,1,0,0,FALSE
K15024,other,1,0,2,2,25630,20625,2,0,0,FALSE
K15552,other,1,0,0,0,25630,20625,0,0,0,FALSE
K15553,other,0,1,0,0,25630,20625,1,0.5541,0.63494,FALSE
K15554,other,1,0,0,0,25630,20625,0,0,0,FALSE
K15555,other,2,0,0,0,25630,20625,0,0,0,FALSE
K15556,other,1,0,0,0,25630,20625,0,0,0,FALSE
K15557,other,1,0,0,0,25630,20625,0,0,0,FALSE
K15558,other,1,0,0,0,25630,20625,0,0,0,FALSE
K15584,other,2,0,0,0,25630,20625,0,0,0,FALSE
K15585,other,1,0,0,0,25630,20625,0,0,0,FALSE
K15634,other,12,0,0,0,25630,20625,0,0,0,FALSE
K15635,other,9,3,0,0,25630,20625,3,0.91135,0.97287,FALSE
K16092,other,0,1,0,0,25630,20625,1,0.5541,0.63494,FALSE
K16785,other,6,3,9,9,25630,20625,12,0.044709,0.071366,FALSE
K16786,other,5,3,10,10,25630,20625,13,0.028748,0.047334,FALSE
K16787,other,5,3,9,9,25630,20625,12,0.044709,0.071366,FALSE
K16923,other,1,0,0,0,25630,20625,0,0,0,FALSE
K16924,other,0,1,0,0,25630,20625,1,0.5541,0.63494,FALSE
K16925,other,1,0,0,0,25630,20625,0,0,0,FALSE
K16926,other,0,0,3,3,25630,20625,3,0,0,FALSE
K16927,other,2,0,1,1,25630,20625,1,0,0,FALSE
K16960,other,1,0,0,0,25630,20625,0,0,0,FALSE
K17073,other,0,0,1,1,25630,20625,1,0,0,FALSE
K17074,other,0,0,2,2,25630,20625,2,0,0,FALSE
K17076,other,0,0,2,2,25630,20625,2,0,0,FALSE
K17077,other,4,1,0,0,25630,20625,1,0.5541,0.63494,FALSE
K17202,other,0,0,1,1,25630,20625,1,0,0,FALSE
K17203,other,0,0,1,1,25630,20625,1,0,0,FALSE
K17204,other,0,0,1,1,25630,20625,1,0,0,FALSE
K17213,other,1,0,0,0,25630,20625,0,0,0,FALSE
K17215,other,1,0,0,0,25630,20625,0,0,0,FALSE
K17246,other,1,0,0,0,25630,20625,0,0,0,FALSE
K17318,other,8,2,13,13,25630,20625,15,0.0018603,0.0034206,FALSE
K17319,other,7,3,5,5,25630,20625,8,0.2272,0.30831,FALSE
K17320,other,6,3,6,6,25630,20625,9,0.15535,0.22442,FALSE
K17324,other,1,0,0,0,25630,20625,0,0,0,FALSE
K17325,other,1,0,0,0,25630,20625,0,0,0,FALSE
K17398,other,36,4,22,22,25630,20625,26,3.4091e-4,6.6065e-4,FALSE
K17743,other,2,0,0,0,25630,20625,0,0,0,FALSE
K17828,other,5,1,4,4,25630,20625,5,0.052224,0.08182,FALSE
K17992,other,0,0,1,1,25630,20625,1,0,0,FALSE
K18118,other,2,0,0,0,25630,20625,0,0,0,FALSE
K18330,other,0,0,1,1,25630,20625,1,0,0,FALSE
K18331,other,0,0,1,1,25630,20625,1,0,0,FALSE
K18332,other,1,1,1,1,25630,20625,2,0.30702,0.39708,FALSE
K19221,other,2,4,6,6,25630,20625,10,0.27478,0.36494,FALSE
K19222,other,2,0,0,0,25630,20625,0,0,0,FALSE
K19226,other,1,0,0,0,25630,20625,0,0,0,FALSE
K19227,other,1,0,0,0,25630,20625,0,0,0,FALSE
K19506,other,0,0,1,1,25630,20625,1,0,0,FALSE
K19507,other,0,0,1,1,25630,20625,1,0,0,FALSE
K19508,other,0,0,1,1,25630,20625,1,0,0,FALSE
K19509,other,0,0,2,2,25630,20625,2,0,0,FALSE
K20108,other,0,2,1,1,25630,20625,3,0.58084,0.65111,FALSE
K20116,other,13,0,17,17,25630,20625,17,0,0,FALSE
K20117,other,13,0,17,17,25630,20625,17,0,0,FALSE
K20459,other,3,1,3,3,25630,20625,4,0.094257,0.13956,FALSE
K20460,other,3,1,1,1,25630,20625,2,0.30702,0.39708,FALSE
K20461,other,3,1,2,2,25630,20625,3,0.17012,0.23515,FALSE
K20490,other,1,0,0,0,25630,20625,0,0,0,FALSE
K20491,other,1,0,0,0,25630,20625,0,0,0,FALSE
K20492,other,1,0,0,0,25630,20625,0,0,0,FALSE
K21636,other,574,77,121,121,25630,20625,198,0.045027,0.071777,FALSE
K22226,other,1,0,0,0,25630,20625,0,0,0,FALSE
K22227,other,3,0,0,0,25630,20625,0,0,0,FALSE
K22477,other,0,0,1,1,25630,20625,1,0,0,FALSE
K22958,other,1,0,0,0,25630,20625,0,0,0,FALSE
K23059,other,4,1,0,0,25630,20625,1,0.5541,0.63494,FALSE
K23060,other,3,3,0,0,25630,20625,3,0.91135,0.97287,FALSE
K23163,other,2,2,2,2,25630,20625,4,0.3977,0.48929,FALSE
M01,other,7,1,0,0,25630,20625,1,0.5541,0.63494,FALSE
M03B,other,12,3,4,4,25630,20625,7,0.32445,0.4151,FALSE
M05,other,1,0,0,0,25630,20625,0,0,0,FALSE
M06,other,69,1,0,0,25630,20625,1,0.5541,0.63494,FALSE
M09B,other,1,0,1,1,25630,20625,1,0,0,FALSE
M14A,other,19,0,9,9,25630,20625,9,0,0,FALSE
M14B,other,0,1,1,1,25630,20625,2,0.30702,0.39708,FALSE
M14C,other,10,0,2,2,25630,20625,2,0,0,FALSE
M15A,other,21,0,0,0,25630,20625,0,0,0,FALSE
M15C,other,38,8,20,20,25630,20625,28,0.026741,0.044171,FALSE
M15D,other,1,0,0,0,25630,20625,0,0,0,FALSE
M17,other,9,1,5,5,25630,20625,6,0.028935,0.047334,FALSE
M18,other,11,2,10,10,25630,20625,12,0.0089201,0.015222,FALSE
M19,other,7,2,3,3,25630,20625,5,0.26239,0.35363,FALSE
M20A,other,9,24,2,2,25630,20625,26,1,1,FALSE
M20B,other,65,6,4,4,25630,20625,10,0.74712,0.82383,FALSE
M24A,other,17,2,9,9,25630,20625,11,0.014885,0.025148,FALSE
M24B,other,67,17,23,23,25630,20625,40,0.33739,0.43026,FALSE
M26,other,67,11,14,14,25630,20625,25,0.40021,0.49186,FALSE
M28A,other,6,0,0,0,25630,20625,0,0,0,FALSE
M28D,other,4,0,0,0,25630,20625,0,0,0,FALSE
M28E,other,1,0,1,1,25630,20625,1,0,0,FALSE
M28F,other,4,0,0,0,25630,20625,0,0,0,FALSE
M29,other,25,6,4,4,25630,20625,10,0.74712,0.82383,FALSE
M32,other,7,0,0,0,25630,20625,0,0,0,FALSE
M38,other,13,2,5,5,25630,20625,7,0.10636,0.15497,FALSE
M41,other,147,4,19,19,25630,20625,23,0.0013978,0.0025944,FALSE
M48A,other,8,0,0,0,25630,20625,0,0,0,FALSE
M48B,other,15,13,0,0,25630,20625,13,0.99997,1,FALSE
M49,other,6,1,0,0,25630,20625,1,0.5541,0.63494,FALSE
M50A,other,1,0,0,0,25630,20625,0,0,0,FALSE
M50B,other,90,7,32,32,25630,20625,39,1.1139e-4,2.1945e-4,FALSE
M54,other,7,0,0,0,25630,20625,0,0,0,FALSE
M55,other,5,1,3,3,25630,20625,4,0.094257,0.13956,FALSE
M61,other,3,0,0,0,25630,20625,0,0,0,FALSE
M64,other,9,0,0,0,25630,20625,0,0,0,FALSE
M75,other,7,0,0,0,25630,20625,0,0,0,FALSE
M79,other,3,1,0,0,25630,20625,1,0.5541,0.63494,FALSE
M81,other,0,0,1,1,25630,20625,1,0,0,FALSE
M82,other,3,1,0,0,25630,20625,1,0.5541,0.63494,FALSE
M90,other,4,0,0,0,25630,20625,0,0,0,FALSE
M93,other,18,1,0,0,25630,20625,1,0.5541,0.63494,FALSE
M95,other,8,2,1,1,25630,20625,3,0.58084,0.65111,FALSE
M96,other,4,0,0,0,25630,20625,0,0,0,FALSE
M97,other,17,1,0,0,25630,20625,1,0.5541,0.63494,FALSE
N06,other,3,0,2,2,25630,20625,2,0,0,FALSE
N09,other,22,6,0,0,25630,20625,6,0.99214,1,FALSE
N11,other,201,9,0,0,25630,20625,9,0.9993,1,FALSE
P01,other,1,1,2,2,25630,20625,3,0.17012,0.23515,FALSE
S08A,other,36,0,9,9,25630,20625,9,0,0,FALSE
S09C,other,0,0,1,1,25630,20625,1,0,0,FALSE
S10,other,5,0,0,0,25630,20625,0,0,0,FALSE
S12,other,9,0,20,20,25630,20625,20,0,0,FALSE
S13,other,7,0,0,0,25630,20625,0,0,0,FALSE
S15,other,6,0,2,2,25630,20625,2,0,0,FALSE
S16,other,1,0,1,1,25630,20625,1,0,0,FALSE
S26A,other,174,24,54,54,25630,20625,78,0.0044953,0.0080293,FALSE
S33,other,6,1,4,4,25630,20625,5,0.052224,0.08182,FALSE
S37,other,1,0,0,0,25630,20625,0,0,0,FALSE
S41A,other,135,7,32,32,25630,20625,39,1.1139e-4,2.1945e-4,FALSE
S41B,other,12,0,1,1,25630,20625,1,0,0,FALSE
S45,other,1,0,0,0,25630,20625,0,0,0,FALSE
S46,other,13,0,0,0,25630,20625,0,0,0,FALSE
S51,other,18,1,2,2,25630,20625,3,0.17012,0.23515,FALSE
S55,other,105,7,40,40,25630,20625,47,3.0959e-6,6.2233e-6,FALSE
S66,other,8,4,2,2,25630,20625,6,0.75149,0.82678,FALSE
T02,other,1,0,0,0,25630,20625,0,0,0,FALSE
T05,other,2,1,2,2,25630,20625,3,0.17012,0.23515,FALSE
T08,other,1,0,0,0,25630,20625,0,0,0,FALSE
U32,other,13,1,3,3,25630,20625,4,0.094257,0.13956,FALSE
U49,other,1,0,0,0,25630,20625,0,0,0,FALSE
U56,other,1,0,0,0,25630,20625,0,0,0,FALSE
U57,other,6,0,0,0,25630,20625,0,0,0,FALSE
U69,other,66,2,15,15,25630,20625,17,6.4119e-4,0.0012128,FALSE
